segmentID,invoiceID,invoiceDetailID,LegNumber,"DepartureCityCode",DepartureInfo,"ArrivalCityCode",ArrivalInfo,"AirlineCode",FlightNumber,"ClassOfService","FareBasis"
1,1,3,1,"YXY",07/15/2008 09:00:00,"YVR",07/15/2008 11:30:00,"4N",120,"Y","Y"
2,1,3,2,"YVR",07/20/2008 15:00:00,"YYC",07/20/2008 17:30:00,"AC",121,"Y","Y"
3,1,3,3,"YYC",07/21/2008 18:00:00,"YXY",07/21/2008 20:00:00,"AC",399,"Y","Y"
4,1,4,1,"YXY",07/15/2008 09:00:00,"YVR",07/15/2008 11:30:00,"4N",120,"Y","Y"
5,1,4,2,"YVR",07/20/2008 15:00:00,"YYC",07/20/2008 17:30:00,"AC",121,"Y","Y"
6,1,4,3,"YYC",07/21/2008 18:00:00,"YXY",07/21/2008 20:00:00,"AC",399,"Y","Y"
7,1,7,1,"YXY",07/15/2008 09:00:00,"YVR",07/15/2008 11:30:00,"4N",120,"Y","Y"
8,1,7,2,"YVR",07/20/2008 15:00:00,"YYC",07/20/2008 17:30:00,"AC",121,"Y","Y"
9,1,7,3,"YYC",07/21/2008 18:00:00,"YXY",07/21/2008 20:00:00,"AC",399,"Y","Y"
10,1,9,1,"YXY",07/15/2008 09:00:00,"YVR",07/15/2008 11:30:00,"4N",120,"Y","Y"
11,1,9,2,"YVR",07/20/2008 15:00:00,"YYC",07/20/2008 17:30:00,"AC",121,"Y","Y"
12,1,9,3,"YYC",07/21/2008 18:00:00,"YXY",07/21/2008 20:00:00,"AC",399,"Y","Y"
13,3,11,1,"YXY",04/01/2008 18:20:00,"YVR",04/01/2008 20:43:00,"AC",8448,"H","H"
14,3,11,2,"YVR",04/03/2008 15:20:00,"YXY",04/03/2008 17:47:00,"AC",8447,"V","V"
27,7,26,1,"YVR",04/13/2008 10:30:00,"YXY",04/13/2008 12:53:00,"AC",8445,"V","V5TPB"
28,7,26,2,"YXY",05/06/2008 07:00:00,"YVR",05/06/2008 09:19:00,"AC",8442,"A","A3STPB"
29,7,26,2,"YVR",05/06/2008 10:00:00,"YYJ",05/06/2008 10:23:00,"AC",8061,"A","A3STPB"
32,9,30,1,"YEV",04/03/2008 13:10:00,"YOC",04/03/2008 12:55:00,"4N",208,"Y","Y"
33,9,30,2,"YOC",04/07/2008 13:40:00,"YDA",04/07/2008 14:55:00,"4N",208,"Y","Y"
36,11,34,1,"YXY",04/14/2008 06:45:00,"YVR",04/14/2008 09:02:00,"AC",8442,"Q","Q"
37,11,34,1,"YVR",04/14/2008 11:35:00,"YEG",04/14/2008 14:00:00,"AC",236,"Q","Q"
38,11,34,2,"YEG",04/17/2008 19:30:00,"YVR",04/17/2008 20:04:00,"AC",8291,"B","B"
39,11,34,2,"YVR",04/17/2008 21:45:00,"YXY",04/17/2008 23:59:00,"AC",8449,"S","B"
44,13,39,1,"YXY",04/15/2008 08:00:00,"YVR",04/15/2008 10:15:00,"4N",505,"G","G"
45,13,39,2,"YVR",04/18/2008 15:20:00,"YXY",04/18/2008 17:47:00,"AC",8447,"S","S"
46,13,40,1,"YXY",04/15/2008 08:00:00,"YVR",04/15/2008 10:15:00,"4N",505,"G","G"
47,13,40,2,"YVR",04/18/2008 15:20:00,"YXY",04/18/2008 17:47:00,"AC",8447,"S","S"
48,14,43,1,"YXY",04/02/2008 08:30:00,"YEV",04/02/2008 14:00:00,"4N",307,"Y","Y"
49,14,43,2,"YEV",04/04/2008 14:30:00,"YXY",04/04/2008 16:25:00,"4N",308,"Y","Y"
50,15,45,1,"YXY",04/15/2008 08:00:00,"YVR",04/15/2008 10:15:00,"4N",505,"G","G"
51,15,45,2,"YVR",04/18/2008 15:20:00,"YXY",04/18/2008 17:47:00,"AC",8447,"S","S"
52,15,46,1,"YXY",04/15/2008 08:00:00,"YVR",04/15/2008 10:15:00,"4N",505,"G","G"
53,15,46,2,"YVR",04/18/2008 15:20:00,"YXY",04/18/2008 17:47:00,"AC",8447,"S","S"
54,16,48,1,"YXY",04/15/2008 18:20:00,"YVR",04/15/2008 20:43:00,"AC",8448,"S","S"
55,16,48,2,"YVR",04/16/2008 08:00:00,"YOW",04/16/2008 15:30:00,"AC",166,"A","S"
56,16,48,3,"YOW",04/18/2008 20:05:00,"YVR",04/18/2008 22:25:00,"AC",139,"A","A"
57,16,48,4,"YVR",04/19/2008 11:30:00,"YXY",04/19/2008 13:55:00,"4N",506,"G","G"
58,16,49,1,"YXY",04/15/2008 18:20:00,"YVR",04/15/2008 20:43:00,"AC",8448,"S","S"
59,16,49,2,"YVR",04/16/2008 08:00:00,"YOW",04/16/2008 15:30:00,"AC",166,"A","S"
60,16,49,3,"YOW",04/18/2008 20:05:00,"YVR",04/18/2008 22:25:00,"AC",139,"A","A"
61,16,49,4,"YVR",04/19/2008 11:30:00,"YXY",04/19/2008 13:55:00,"4N",506,"G","G"
62,17,54,1,"YXY",04/03/2008 08:30:00,"YOC",04/03/2008 12:55:00,"4N",207,"Y","Y"
63,17,54,2,"YOC",04/04/2008 12:15:00,"YXY",04/04/2008 16:25:00,"4N",308,"Y","Y"
64,18,56,1,"YXY",04/15/2008 08:00:00,"YVR",04/15/2008 10:15:00,"4N",505,"G","G"
65,18,56,2,"YVR",04/18/2008 15:20:00,"YXY",04/18/2008 17:47:00,"AC",8447,"S","S"
66,18,57,1,"YXY",04/15/2008 08:00:00,"YVR",04/15/2008 10:15:00,"4N",505,"G","G"
67,18,57,2,"YVR",04/18/2008 15:20:00,"YXY",04/18/2008 17:47:00,"AC",8447,"S","S"
85,26,76,1,"YXY",04/07/2008 18:20:00,"YVR",04/07/2008 20:43:00,"AC",8448,"S","S"
86,26,76,2,"YVR",04/10/2008 15:20:00,"YXY",04/10/2008 17:47:00,"AC",8447,"V","V"
106,31,89,1,"YXY",04/03/2008 08:00:00,"YVR",04/03/2008 10:15:00,"4N",505,"G","G"
107,31,89,2,"YVR",04/06/2008 11:30:00,"YXY",04/06/2008 13:55:00,"4N",506,"G","G"
120,37,102,1,"YXY",04/02/2008 08:30:00,"YEV",04/02/2008 14:00:00,"4N",307,"Y","Y"
121,37,102,2,"YEV",04/04/2008 14:30:00,"YXY",04/04/2008 16:25:00,"4N",308,"Y","Y"
122,38,104,1,"YXY",04/02/2008 18:20:00,"YVR",04/02/2008 20:43:00,"AC",8448,"H","H"
123,38,104,2,"YVR",04/03/2008 21:45:00,"YXY",04/03/2008 23:59:00,"AC",8449,"H","H"
140,44,118,1,"YXY",04/01/2008 06:45:00,"YVR",04/01/2008 09:02:00,"AC",8442,"H","H"
141,44,118,1,"YVR",04/01/2008 10:30:00,"YYZ",04/01/2008 18:02:00,"AC",116,"H","H"
142,44,118,1,"YYZ",04/01/2008 19:10:00,"YOW",04/01/2008 20:10:00,"AC",464,"H","H"
143,44,118,2,"YOW",04/03/2008 14:10:00,"YEG",04/03/2008 17:35:00,"WS",775,"G","G"
144,44,118,3,"YEG",04/04/2008 20:20:00,"YXY",04/04/2008 21:55:00,"4N",508,"G","G"
145,44,119,1,"YXY",04/01/2008 06:45:00,"YVR",04/01/2008 09:02:00,"AC",8442,"H","H"
146,44,119,1,"YVR",04/01/2008 10:30:00,"YYZ",04/01/2008 18:02:00,"AC",116,"H","H"
147,44,119,1,"YYZ",04/01/2008 19:10:00,"YOW",04/01/2008 20:10:00,"AC",464,"H","H"
148,44,119,2,"YOW",04/03/2008 14:10:00,"YEG",04/03/2008 17:35:00,"WS",775,"G","G"
149,44,119,3,"YEG",04/04/2008 20:20:00,"YXY",04/04/2008 21:55:00,"4N",508,"G","G"
150,44,120,1,"YXY",04/01/2008 06:45:00,"YVR",04/01/2008 09:02:00,"AC",8442,"H","H"
151,44,120,1,"YVR",04/01/2008 10:30:00,"YYZ",04/01/2008 18:02:00,"AC",116,"H","H"
152,44,120,1,"YYZ",04/01/2008 19:10:00,"YOW",04/01/2008 20:10:00,"AC",464,"H","H"
153,44,120,2,"YOW",04/03/2008 14:10:00,"YEG",04/03/2008 17:35:00,"WS",775,"G","G"
154,44,120,3,"YEG",04/04/2008 20:20:00,"YXY",04/04/2008 21:55:00,"4N",508,"G","G"
155,45,124,1,"YXY",04/03/2008 18:20:00,"YVR",04/03/2008 20:43:00,"AC",8448,"V","V"
156,45,124,2,"YVR",04/04/2008 07:00:00,"YEG",04/04/2008 09:22:00,"WS",660,"G","G"
157,45,124,3,"YEG",04/04/2008 20:20:00,"YXY",04/04/2008 21:55:00,"4N",508,"G","G"
158,45,125,1,"YXY",04/03/2008 18:20:00,"YVR",04/03/2008 20:43:00,"AC",8448,"V","V"
159,45,125,2,"YVR",04/04/2008 07:00:00,"YEG",04/04/2008 09:22:00,"WS",660,"G","G"
160,45,125,3,"YEG",04/04/2008 20:20:00,"YXY",04/04/2008 21:55:00,"4N",508,"G","G"
161,45,126,1,"YXY",04/03/2008 18:20:00,"YVR",04/03/2008 20:43:00,"AC",8448,"V","V"
162,45,126,2,"YVR",04/04/2008 07:00:00,"YEG",04/04/2008 09:22:00,"WS",660,"G","G"
163,45,126,3,"YEG",04/04/2008 20:20:00,"YXY",04/04/2008 21:55:00,"4N",508,"G","G"
180,50,145,1,"YXY",04/26/2008 08:00:00,"YVR",04/26/2008 10:15:00,"4N",505,"Y","Y"
181,50,145,2,"YVR",04/30/2008 11:30:00,"YXY",04/30/2008 13:55:00,"4N",506,"Y","Y"
200,54,158,1,"YXY",04/06/2008 14:55:00,"YVR",04/06/2008 17:10:00,"4N",525,"Y","Y"
201,54,158,2,"YVR",04/17/2008 11:30:00,"YXY",04/17/2008 13:55:00,"4N",506,"G","G"
202,55,160,1,"YEG",04/10/2008 13:30:00,"YVR",04/10/2008 14:04:00,"AC",8287,"A","A"
203,55,160,2,"YVR",04/13/2008 12:50:00,"YEG",04/13/2008 15:15:00,"AC",8284,"V","V"
204,56,163,1,"YXY",05/15/2008 08:00:00,"YVR",05/15/2008 10:15:00,"4N",505,"G","G"
205,56,163,2,"YVR",05/17/2008 11:30:00,"YXY",05/17/2008 13:55:00,"4N",506,"G","G"
206,57,166,1,"YXY",04/09/2008 06:45:00,"YVR",04/09/2008 09:02:00,"AC",8442,"V","V"
207,57,166,1,"YVR",04/09/2008 10:30:00,"YYZ",04/09/2008 18:02:00,"AC",116,"V","V"
208,57,166,1,"YYZ",04/09/2008 19:10:00,"YOW",04/09/2008 20:10:00,"AC",464,"V","V"
209,57,166,2,"YOW",04/13/2008 17:55:00,"YVR",04/13/2008 20:10:00,"AC",189,"A","A"
210,57,166,2,"YVR",04/13/2008 21:45:00,"YXY",04/13/2008 23:59:00,"AC",8449,"Q","A"
211,58,169,1,"YDA",04/09/2008 15:15:00,"YXY",04/09/2008 16:25:00,"4N",308,"Y","Y"
212,58,169,2,"YXY",04/11/2008 08:30:00,"YDA",04/11/2008 09:45:00,"4N",307,"Y","Y"
213,59,171,1,"YXY",04/08/2008 08:00:00,"YVR",04/08/2008 10:15:00,"4N",505,"Y","Y"
214,59,171,2,"YVR",04/08/2008 12:50:00,"YQR",04/08/2008 15:53:00,"AC",8572,"V","V"
215,59,171,2,"YQR",04/08/2008 16:25:00,"YWG",04/08/2008 18:30:00,"AC",8348,"V","V"
216,59,171,3,"YWG",04/11/2008 08:00:00,"YVR",04/11/2008 09:05:00,"AC",295,"A","A"
217,59,171,4,"YVR",04/11/2008 11:30:00,"YXY",04/11/2008 13:55:00,"4N",506,"Y","Y"
218,59,172,1,"YXY",04/08/2008 08:00:00,"YVR",04/08/2008 10:15:00,"4N",505,"Y","Y"
219,59,172,2,"YVR",04/08/2008 12:50:00,"YQR",04/08/2008 15:53:00,"AC",8572,"V","V"
220,59,172,2,"YQR",04/08/2008 16:25:00,"YWG",04/08/2008 18:30:00,"AC",8348,"V","V"
221,59,172,3,"YWG",04/11/2008 08:00:00,"YVR",04/11/2008 09:05:00,"AC",295,"A","A"
222,59,172,4,"YVR",04/11/2008 11:30:00,"YXY",04/11/2008 13:55:00,"4N",506,"Y","Y"
223,60,174,1,"YYZ",04/07/2008 12:00:00,"YVR",04/07/2008 13:57:00,"AC",101,"A","A"
224,60,174,1,"YVR",04/07/2008 15:20:00,"YXY",04/07/2008 17:47:00,"AC",8447,"A","A"
225,60,174,2,"YXY",04/09/2008 06:45:00,"YVR",04/09/2008 09:02:00,"AC",8442,"H","H"
226,60,174,2,"YVR",04/09/2008 10:30:00,"YYZ",04/09/2008 18:02:00,"AC",116,"H","H"
229,62,178,1,"YOW",04/14/2008 08:00:00,"YVR",04/14/2008 10:19:00,"AC",163,"L","L"
230,62,178,2,"YVR",04/14/2008 15:20:00,"YXY",04/14/2008 17:47:00,"AC",8447,"Q","L"
231,62,178,3,"YXY",04/16/2008 06:45:00,"YVR",04/16/2008 09:02:00,"AC",8442,"Q","Q"
232,62,178,3,"YVR",04/16/2008 11:40:00,"YOW",04/16/2008 19:12:00,"AC",188,"Q","Q"
233,63,180,1,"YUL",04/17/2008 17:55:00,"YVR",04/17/2008 20:24:00,"AC",195,"A","A"
234,63,180,1,"YVR",04/17/2008 21:45:00,"YXY",04/17/2008 23:59:00,"AC",8449,"A","A"
235,63,180,2,"YXY",04/19/2008 06:45:00,"YVR",04/19/2008 09:02:00,"AC",8442,"Q","Q"
236,63,180,2,"YVR",04/19/2008 11:15:00,"YUL",04/19/2008 19:04:00,"AC",194,"Q","Q"
237,64,182,1,"YXY",04/10/2008 13:25:00,"YVR",04/10/2008 15:49:00,"AC",8446,"V","V"
238,64,182,2,"YVR",04/11/2008 15:20:00,"YXY",04/11/2008 17:47:00,"AC",8447,"V","V"
239,65,184,1,"YXY",04/07/2008 08:00:00,"YVR",04/07/2008 10:15:00,"4N",505,"Y","Y"
240,65,184,2,"YVR",04/07/2008 11:40:00,"YOW",04/07/2008 19:12:00,"AC",188,"Y","Y"
241,65,184,3,"YOW",04/09/2008 08:00:00,"YVR",04/09/2008 10:19:00,"AC",163,"L","L"
242,65,184,4,"YVR",04/09/2008 11:30:00,"YXY",04/09/2008 13:55:00,"4N",506,"Y","Y"
243,65,185,1,"YXY",04/07/2008 08:00:00,"YVR",04/07/2008 10:15:00,"4N",505,"Y","Y"
244,65,185,2,"YVR",04/07/2008 11:40:00,"YOW",04/07/2008 19:12:00,"AC",188,"Y","Y"
245,65,185,3,"YOW",04/09/2008 08:00:00,"YVR",04/09/2008 10:19:00,"AC",163,"L","L"
246,65,185,4,"YVR",04/09/2008 11:30:00,"YXY",04/09/2008 13:55:00,"4N",506,"Y","Y"
251,67,191,1,"YXY",04/09/2008 08:30:00,"YOC",04/09/2008 11:30:00,"4N",307,"Y","Y"
252,67,191,2,"YOC",04/11/2008 12:15:00,"YXY",04/11/2008 16:25:00,"4N",308,"Y","Y"
253,68,193,1,"YXY",05/13/2008 07:00:00,"YVR",05/13/2008 09:19:00,"AC",8442,"A","A"
254,68,193,1,"YVR",05/13/2008 10:10:00,"YYC",05/13/2008 12:34:00,"AC",208,"A","A"
255,68,193,2,"YYC",05/15/2008 15:15:00,"YVR",05/15/2008 15:40:00,"AC",219,"L","L"
256,68,193,2,"YVR",05/15/2008 16:40:00,"YXY",05/15/2008 18:55:00,"AC",8447,"L","L"
277,74,210,1,"YYC",04/03/2008 14:10:00,"YVR",04/03/2008 14:38:00,"AC",217,"V","V"
278,74,210,1,"YVR",04/03/2008 15:20:00,"YXY",04/03/2008 17:47:00,"AC",8447,"V","V"
282,78,216,1,"YXY",04/04/2008 06:45:00,"YVR",04/04/2008 09:02:00,"AC",8442,"U","U"
283,78,216,1,"YVR",04/04/2008 11:45:00,"LAX",04/04/2008 14:42:00,"AC",554,"U","U"
284,78,216,2,"LAX",04/11/2008 11:15:00,"YVR",04/11/2008 14:00:00,"AC",553,"U","U"
285,78,216,2,"YVR",04/11/2008 15:20:00,"YXY",04/11/2008 17:47:00,"AC",8447,"U","U"
286,79,217,1,"YXY",04/07/2008 08:30:00,"YOC",04/07/2008 12:55:00,"4N",207,"Y","Y"
287,79,217,2,"YOC",04/09/2008 12:15:00,"YXY",04/09/2008 16:25:00,"4N",308,"Y","Y"
288,80,219,1,"YXY",04/08/2008 08:00:00,"YVR",04/08/2008 10:15:00,"4N",505,"G","V2"
289,80,219,2,"YVR",04/08/2008 12:30:00,"YYJ",04/08/2008 12:53:00,"AC",8175,"L","L0TPA"
290,80,219,3,"YYJ",04/18/2008 09:00:00,"YVR",04/18/2008 09:25:00,"AC",8058,"L","L0TPA"
291,80,219,4,"YVR",04/18/2008 11:30:00,"YXY",04/18/2008 15:05:00,"4N",506,"G","V1"
292,80,222,1,"YXY",04/08/2008 08:00:00,"YVR",04/08/2008 10:15:00,"4N",505,"G","V2"
293,80,222,2,"YVR",04/08/2008 12:30:00,"YYJ",04/08/2008 12:53:00,"AC",8175,"L","L0TPA"
294,80,222,3,"YYJ",04/18/2008 09:00:00,"YVR",04/18/2008 09:25:00,"AC",8058,"L","L0TPA"
295,80,222,4,"YVR",04/18/2008 11:30:00,"YXY",04/18/2008 15:05:00,"4N",506,"G","V1"
296,80,223,1,"YXY",04/08/2008 08:00:00,"YVR",04/08/2008 10:15:00,"4N",505,"G","V2"
297,80,223,2,"YVR",04/08/2008 12:30:00,"YYJ",04/08/2008 12:53:00,"AC",8175,"L","L0TPA"
298,80,223,3,"YYJ",04/18/2008 09:00:00,"YVR",04/18/2008 09:25:00,"AC",8058,"L","L0TPA"
299,80,223,4,"YVR",04/18/2008 11:30:00,"YXY",04/18/2008 15:05:00,"4N",506,"G","V1"
300,81,224,1,"YXY",04/07/2008 14:55:00,"YYC",04/07/2008 18:15:00,"4N",507,"G","G"
301,81,224,2,"YYC",04/09/2008 18:55:00,"YXY",04/09/2008 21:55:00,"4N",508,"G","G"
302,82,226,1,"YXY",04/08/2008 18:20:00,"YVR",04/08/2008 20:43:00,"AC",8448,"V","V"
303,82,226,2,"YVR",04/12/2008 21:45:00,"YXY",04/12/2008 23:59:00,"AC",8449,"H","H"
306,84,232,1,"YOC",04/14/2008 13:40:00,"YXY",04/14/2008 16:25:00,"4N",208,"Y","Y"
307,84,232,2,"YXY",04/21/2008 08:30:00,"YOC",04/21/2008 12:55:00,"4N",207,"Y","Y"
314,87,239,1,"YXY",04/07/2008 08:00:00,"YVR",04/07/2008 10:15:00,"4N",505,"G","G"
315,87,239,2,"YVR",04/09/2008 11:30:00,"YXY",04/09/2008 13:55:00,"4N",506,"G","G"
345,100,268,1,"YXY",04/10/2008 08:00:00,"YVR",04/10/2008 10:15:00,"4N",505,"G","G"
346,100,268,2,"YVR",04/10/2008 12:50:00,"YQR",04/10/2008 15:53:00,"AC",8572,"V","V"
347,100,268,3,"YQR",04/12/2008 07:39:00,"YVR",04/12/2008 08:59:00,"AC",8571,"V","V"
348,100,268,4,"YVR",04/12/2008 11:30:00,"YXY",04/12/2008 13:55:00,"4N",506,"G","G"
349,100,269,1,"YXY",04/10/2008 08:00:00,"YVR",04/10/2008 10:15:00,"4N",505,"G","G"
350,100,269,2,"YVR",04/10/2008 12:50:00,"YQR",04/10/2008 15:53:00,"AC",8572,"V","V"
351,100,269,3,"YQR",04/12/2008 07:39:00,"YVR",04/12/2008 08:59:00,"AC",8571,"V","V"
352,100,269,4,"YVR",04/12/2008 11:30:00,"YXY",04/12/2008 13:55:00,"4N",506,"G","G"
353,101,272,1,"YXY",04/10/2008 08:00:00,"YVR",04/10/2008 10:15:00,"4N",505,"G","G"
354,101,272,2,"YVR",04/10/2008 12:50:00,"YQR",04/10/2008 15:53:00,"AC",8572,"V","V"
355,101,272,3,"YQR",04/12/2008 07:39:00,"YVR",04/12/2008 08:59:00,"AC",8571,"V","V"
356,101,272,4,"YVR",04/12/2008 11:30:00,"YXY",04/12/2008 13:55:00,"4N",506,"G","G"
357,101,273,1,"YXY",04/10/2008 08:00:00,"YVR",04/10/2008 10:15:00,"4N",505,"G","G"
358,101,273,2,"YVR",04/10/2008 12:50:00,"YQR",04/10/2008 15:53:00,"AC",8572,"V","V"
359,101,273,3,"YQR",04/12/2008 07:39:00,"YVR",04/12/2008 08:59:00,"AC",8571,"V","V"
360,101,273,4,"YVR",04/12/2008 11:30:00,"YXY",04/12/2008 13:55:00,"4N",506,"G","G"
361,102,276,1,"YXY",04/10/2008 08:00:00,"YVR",04/10/2008 10:15:00,"4N",505,"G","G"
362,102,276,2,"YVR",04/10/2008 12:50:00,"YQR",04/10/2008 15:53:00,"AC",8572,"V","V"
363,102,277,1,"YXY",04/10/2008 08:00:00,"YVR",04/10/2008 10:15:00,"4N",505,"G","G"
364,102,277,2,"YVR",04/10/2008 12:50:00,"YQR",04/10/2008 15:53:00,"AC",8572,"V","V"
365,103,279,1,"YXY",04/13/2008 13:25:00,"YVR",04/13/2008 15:49:00,"AC",8446,"A","A"
366,103,279,2,"YVR",04/18/2008 21:45:00,"YXY",04/18/2008 23:59:00,"AC",8449,"Q","Q"
367,104,281,1,"YXY",04/09/2008 08:30:00,"YDA",04/09/2008 09:45:00,"4N",307,"Y","Y"
368,104,281,2,"YDA",04/11/2008 15:15:00,"YXY",04/11/2008 16:25:00,"4N",308,"Y","Y"
369,105,283,1,"YXY",04/09/2008 06:45:00,"YVR",04/09/2008 09:02:00,"AC",8442,"V","V"
370,105,283,1,"YVR",04/09/2008 12:50:00,"YQR",04/09/2008 15:53:00,"AC",8572,"V","V"
371,105,283,2,"YQR",04/21/2008 07:39:00,"YVR",04/21/2008 08:59:00,"AC",8571,"Q","Q"
372,105,283,2,"YVR",04/21/2008 10:30:00,"YXY",04/21/2008 12:53:00,"AC",8445,"Q","Q"
373,106,285,1,"YOC",05/02/2008 12:15:00,"YXY",05/02/2008 16:25:00,"4N",308,"Y","Y"
374,106,285,2,"YXY",05/09/2008 08:30:00,"YOC",05/09/2008 11:30:00,"4N",307,"Y","Y"
385,110,295,1,"YXY",04/08/2008 08:00:00,"YVR",04/08/2008 10:15:00,"4N",505,"Y","Y"
386,110,295,2,"YVR",04/08/2008 14:50:00,"YWG",04/08/2008 19:28:00,"AC",296,"B","B"
387,110,295,3,"YWG",04/11/2008 08:00:00,"YVR",04/11/2008 09:05:00,"AC",295,"A","A"
388,110,295,3,"YVR",04/11/2008 10:30:00,"YXY",04/11/2008 12:53:00,"AC",8445,"A","A"
389,110,296,1,"YXY",04/08/2008 08:00:00,"YVR",04/08/2008 10:15:00,"4N",505,"Y","Y"
390,110,296,2,"YVR",04/08/2008 14:50:00,"YWG",04/08/2008 19:28:00,"AC",296,"B","B"
391,110,296,3,"YWG",04/11/2008 08:00:00,"YVR",04/11/2008 09:05:00,"AC",295,"A","A"
392,110,296,3,"YVR",04/11/2008 10:30:00,"YXY",04/11/2008 12:53:00,"AC",8445,"A","A"
401,115,306,1,"YXY",04/11/2008 06:45:00,"YVR",04/11/2008 09:02:00,"AC",8442,"V","V"
402,115,306,2,"YVR",04/19/2008 21:45:00,"YXY",04/19/2008 23:59:00,"AC",8449,"Q","Q"
403,115,307,1,"YXY",04/11/2008 06:45:00,"YVR",04/11/2008 09:02:00,"AC",8442,"V","V"
404,115,307,2,"YVR",04/19/2008 21:45:00,"YXY",04/19/2008 23:59:00,"AC",8449,"Q","Q"
405,116,309,1,"YXY",04/05/2008 06:45:00,"YVR",04/05/2008 09:02:00,"AC",8442,"U","U"
406,116,309,2,"SEA",04/05/2008 14:53:00,"LAX",04/05/2008 17:30:00,"AS",426,"Y","Y"
407,116,309,3,"LAX",04/11/2008 08:00:00,"SEA",04/11/2008 10:38:00,"AS",517,"Y","Y"
408,116,309,4,"YVR",04/11/2008 15:20:00,"YXY",04/11/2008 17:47:00,"AC",8447,"U","U"
409,116,310,1,"YXY",04/05/2008 06:45:00,"YVR",04/05/2008 09:02:00,"AC",8442,"U","U"
410,116,310,2,"SEA",04/05/2008 14:53:00,"LAX",04/05/2008 17:30:00,"AS",426,"Y","Y"
411,116,310,3,"LAX",04/11/2008 08:00:00,"SEA",04/11/2008 10:38:00,"AS",517,"Y","Y"
412,116,310,4,"YVR",04/11/2008 15:20:00,"YXY",04/11/2008 17:47:00,"AC",8447,"U","U"
425,121,322,1,"YXY",04/12/2008 06:45:00,"YVR",04/12/2008 09:02:00,"AC",8442,"H","H"
426,121,322,1,"YVR",04/12/2008 10:30:00,"YYZ",04/12/2008 18:02:00,"AC",116,"H","H"
427,121,322,2,"YYZ",04/17/2008 07:00:00,"YVR",04/17/2008 08:58:00,"AC",103,"A","A"
428,121,322,2,"YVR",04/17/2008 10:30:00,"YXY",04/17/2008 12:53:00,"AC",8445,"A","A"
429,122,324,1,"YXY",04/12/2008 06:45:00,"YVR",04/12/2008 09:02:00,"AC",8442,"H","H"
430,122,324,1,"YVR",04/12/2008 10:30:00,"YYZ",04/12/2008 18:02:00,"AC",116,"H","H"
431,122,324,2,"YYZ",04/16/2008 18:00:00,"YVR",04/16/2008 20:10:00,"AC",137,"A","A"
432,122,324,2,"YVR",04/16/2008 21:45:00,"YXY",04/16/2008 23:59:00,"AC",8449,"A","A"
433,123,326,1,"YXY",04/14/2008 13:40:00,"YZF",04/14/2008 18:02:00,"7F",151,"Q","Q"
434,123,326,2,"YZF",04/16/2008 17:15:00,"YEG",04/16/2008 18:56:00,"7F",954,"A","Q"
435,123,326,3,"YEG",04/16/2008 20:20:00,"YXY",04/16/2008 21:55:00,"4N",508,"G","G"
436,123,327,1,"YXY",04/14/2008 13:40:00,"YZF",04/14/2008 18:02:00,"7F",151,"Q","Q"
437,123,327,2,"YZF",04/16/2008 17:15:00,"YEG",04/16/2008 18:56:00,"7F",954,"A","Q"
438,123,327,3,"YEG",04/16/2008 20:20:00,"YXY",04/16/2008 21:55:00,"4N",508,"G","G"
439,124,329,1,"YXY",04/14/2008 13:40:00,"YZF",04/14/2008 18:02:00,"7F",151,"Q","Q"
440,124,329,2,"YZF",04/16/2008 17:15:00,"YEG",04/16/2008 18:56:00,"7F",954,"A","Q"
441,124,329,3,"YEG",04/20/2008 13:00:00,"YVR",04/20/2008 13:38:00,"AC",8287,"Y","Y"
442,124,329,3,"YVR",04/20/2008 15:20:00,"YXY",04/20/2008 17:47:00,"AC",8447,"Y","Y"
443,124,330,1,"YXY",04/14/2008 13:40:00,"YZF",04/14/2008 18:02:00,"7F",151,"Q","Q"
444,124,330,2,"YZF",04/16/2008 17:15:00,"YEG",04/16/2008 18:56:00,"7F",954,"A","Q"
445,124,330,3,"YEG",04/20/2008 13:00:00,"YVR",04/20/2008 13:38:00,"AC",8287,"Y","Y"
446,124,330,3,"YVR",04/20/2008 15:20:00,"YXY",04/20/2008 17:47:00,"AC",8447,"Y","Y"
454,128,342,1,"YYC",04/16/2008 18:55:00,"YXY",04/16/2008 21:55:00,"4N",508,"Y","Y"
455,128,342,2,"YXY",04/19/2008 13:25:00,"YVR",04/19/2008 15:49:00,"AC",8446,"Y","Y"
456,128,342,2,"YVR",04/19/2008 17:30:00,"YYC",04/19/2008 19:50:00,"AC",8320,"Y","Y"
457,128,343,1,"YYC",04/16/2008 18:55:00,"YXY",04/16/2008 21:55:00,"4N",508,"Y","Y"
458,128,343,2,"YXY",04/19/2008 13:25:00,"YVR",04/19/2008 15:49:00,"AC",8446,"Y","Y"
459,128,343,2,"YVR",04/19/2008 17:30:00,"YYC",04/19/2008 19:50:00,"AC",8320,"Y","Y"
460,128,344,1,"YYC",04/16/2008 18:55:00,"YXY",04/16/2008 21:55:00,"4N",508,"Y","Y"
461,128,344,2,"YXY",04/19/2008 13:25:00,"YVR",04/19/2008 15:49:00,"AC",8446,"Y","Y"
462,128,344,2,"YVR",04/19/2008 17:30:00,"YYC",04/19/2008 19:50:00,"AC",8320,"Y","Y"
463,128,345,1,"YYC",04/16/2008 18:55:00,"YXY",04/16/2008 21:55:00,"4N",508,"Y","Y"
464,128,345,2,"YXY",04/19/2008 13:25:00,"YVR",04/19/2008 15:49:00,"AC",8446,"Y","Y"
465,128,345,2,"YVR",04/19/2008 17:30:00,"YYC",04/19/2008 19:50:00,"AC",8320,"Y","Y"
467,130,349,1,"YXY",04/14/2008 18:20:00,"YVR",04/14/2008 20:43:00,"AC",8448,"A","A"
468,130,349,1,"YVR",04/14/2008 22:35:00,"YYZ",04/15/2008 06:05:00,"AC",156,"A","A"
469,130,349,1,"YYZ",04/15/2008 07:30:00,"YQB",04/15/2008 08:53:00,"AC",8912,"A","A"
470,130,349,2,"YQB",04/21/2008 09:30:00,"YYZ",04/21/2008 11:00:00,"AC",8915,"V","V"
471,130,349,2,"YYZ",04/21/2008 12:00:00,"YVR",04/21/2008 13:57:00,"AC",101,"V","V"
472,130,349,2,"YVR",04/21/2008 15:20:00,"YXY",04/21/2008 17:47:00,"AC",8447,"V","V"
493,135,363,1,"YXY",04/16/2008 08:00:00,"YVR",04/16/2008 10:15:00,"4N",505,"Y","Y"
494,135,363,2,"YVR",04/18/2008 21:45:00,"YXY",04/18/2008 23:59:00,"AC",8449,"V","V"
495,135,364,1,"YXY",04/16/2008 08:00:00,"YVR",04/16/2008 10:15:00,"4N",505,"Y","Y"
496,135,364,2,"YVR",04/18/2008 21:45:00,"YXY",04/18/2008 23:59:00,"AC",8449,"V","V"
499,137,368,1,"YXY",04/16/2008 08:00:00,"YVR",04/16/2008 10:15:00,"4N",505,"Y","Y"
500,137,368,2,"YVR",04/18/2008 11:30:00,"YXY",04/18/2008 13:55:00,"4N",506,"Y","Y"
509,141,376,1,"YXY",04/14/2008 08:00:00,"YVR",04/14/2008 10:15:00,"4N",505,"G","G"
510,141,376,2,"YVR",04/18/2008 15:20:00,"YXY",04/18/2008 17:47:00,"AC",8447,"U","U"
511,141,377,1,"YXY",04/14/2008 08:00:00,"YVR",04/14/2008 10:15:00,"4N",505,"G","G"
512,141,377,2,"YVR",04/18/2008 15:20:00,"YXY",04/18/2008 17:47:00,"AC",8447,"U","U"
513,142,379,1,"YXY",04/14/2008 08:00:00,"YVR",04/14/2008 10:15:00,"4N",505,"G","G"
514,142,379,2,"YVR",04/18/2008 15:20:00,"YXY",04/18/2008 17:47:00,"AC",8447,"U","U"
515,142,380,1,"YXY",04/14/2008 08:00:00,"YVR",04/14/2008 10:15:00,"4N",505,"G","G"
516,142,380,2,"YVR",04/18/2008 15:20:00,"YXY",04/18/2008 17:47:00,"AC",8447,"U","U"
517,143,382,1,"YXY",04/13/2008 08:00:00,"YVR",04/13/2008 10:15:00,"4N",505,"G","G"
518,143,382,2,"YVR",04/13/2008 12:30:00,"YYZ",04/13/2008 20:00:00,"AC",1166,"H","H"
519,143,382,2,"YYZ",04/13/2008 21:10:00,"YOW",04/13/2008 22:10:00,"AC",468,"H","H"
520,143,382,3,"YOW",04/18/2008 08:00:00,"YVR",04/18/2008 10:19:00,"AC",163,"V","V"
521,143,382,4,"YVR",04/18/2008 15:20:00,"YXY",04/18/2008 17:47:00,"AC",8447,"V","V"
522,143,383,1,"YXY",04/13/2008 08:00:00,"YVR",04/13/2008 10:15:00,"4N",505,"G","G"
523,143,383,2,"YVR",04/13/2008 12:30:00,"YYZ",04/13/2008 20:00:00,"AC",1166,"H","H"
524,143,383,2,"YYZ",04/13/2008 21:10:00,"YOW",04/13/2008 22:10:00,"AC",468,"H","H"
525,143,383,3,"YOW",04/18/2008 08:00:00,"YVR",04/18/2008 10:19:00,"AC",163,"V","V"
526,143,383,4,"YVR",04/18/2008 15:20:00,"YXY",04/18/2008 17:47:00,"AC",8447,"V","V"
533,145,388,1,"YXY",04/14/2008 06:45:00,"YVR",04/14/2008 09:02:00,"AC",8442,"Q","Q"
534,145,388,1,"YVR",04/14/2008 11:40:00,"YOW",04/14/2008 19:12:00,"AC",188,"Q","Q"
535,145,388,2,"YOW",04/17/2008 16:20:00,"YVR",04/17/2008 18:40:00,"AC",189,"A","A"
536,145,388,3,"YVR",04/18/2008 10:30:00,"YXY",04/18/2008 12:53:00,"AC",8445,"A","A"
537,146,392,1,"YXY",04/14/2008 06:45:00,"YVR",04/14/2008 09:02:00,"AC",8442,"Q","Q"
538,146,392,1,"YVR",04/14/2008 11:40:00,"YOW",04/14/2008 19:12:00,"AC",188,"Q","Q"
539,146,392,2,"YOW",04/17/2008 16:20:00,"YVR",04/17/2008 18:40:00,"AC",189,"A","A"
540,146,392,3,"YVR",04/18/2008 10:30:00,"YXY",04/18/2008 12:53:00,"AC",8445,"A","A"
547,150,402,1,"YXY",04/08/2008 08:00:00,"YVR",04/08/2008 10:15:00,"4N",505,"G","G"
548,150,402,2,"YVR",04/08/2008 14:10:00,"YXE",04/08/2008 17:05:00,"AC",8576,"Y","Y"
549,150,402,3,"YXE",04/09/2008 16:30:00,"YEG",04/09/2008 17:31:00,"WS",107,"G","G"
550,150,402,4,"YEG",04/09/2008 20:20:00,"YXY",04/09/2008 21:55:00,"4N",508,"G","G"
551,150,403,1,"YXY",04/08/2008 08:00:00,"YVR",04/08/2008 10:15:00,"4N",505,"G","G"
552,150,403,2,"YVR",04/08/2008 14:10:00,"YXE",04/08/2008 17:05:00,"AC",8576,"Y","Y"
553,150,403,3,"YXE",04/09/2008 16:30:00,"YEG",04/09/2008 17:31:00,"WS",107,"G","G"
554,150,403,4,"YEG",04/09/2008 20:20:00,"YXY",04/09/2008 21:55:00,"4N",508,"G","G"
555,150,404,1,"YXY",04/08/2008 08:00:00,"YVR",04/08/2008 10:15:00,"4N",505,"G","G"
556,150,404,2,"YVR",04/08/2008 14:10:00,"YXE",04/08/2008 17:05:00,"AC",8576,"Y","Y"
557,150,404,3,"YXE",04/09/2008 16:30:00,"YEG",04/09/2008 17:31:00,"WS",107,"G","G"
558,150,404,4,"YEG",04/09/2008 20:20:00,"YXY",04/09/2008 21:55:00,"4N",508,"G","G"
559,150,405,1,"YXY",04/08/2008 08:00:00,"YVR",04/08/2008 10:15:00,"4N",505,"G","G"
560,150,405,2,"YVR",04/08/2008 14:10:00,"YXE",04/08/2008 17:05:00,"AC",8576,"Y","Y"
561,150,405,3,"YXE",04/09/2008 16:30:00,"YEG",04/09/2008 17:31:00,"WS",107,"G","G"
562,150,405,4,"YEG",04/09/2008 20:20:00,"YXY",04/09/2008 21:55:00,"4N",508,"G","G"
563,150,406,1,"YXY",04/08/2008 08:00:00,"YVR",04/08/2008 10:15:00,"4N",505,"G","G"
564,150,406,2,"YVR",04/08/2008 14:10:00,"YXE",04/08/2008 17:05:00,"AC",8576,"Y","Y"
565,150,406,3,"YXE",04/09/2008 16:30:00,"YEG",04/09/2008 17:31:00,"WS",107,"G","G"
566,150,406,4,"YEG",04/09/2008 20:20:00,"YXY",04/09/2008 21:55:00,"4N",508,"G","G"
567,150,407,1,"YXY",04/08/2008 08:00:00,"YVR",04/08/2008 10:15:00,"4N",505,"G","G"
568,150,407,2,"YVR",04/08/2008 14:10:00,"YXE",04/08/2008 17:05:00,"AC",8576,"Y","Y"
569,150,407,3,"YXE",04/09/2008 16:30:00,"YEG",04/09/2008 17:31:00,"WS",107,"G","G"
570,150,407,4,"YEG",04/09/2008 20:20:00,"YXY",04/09/2008 21:55:00,"4N",508,"G","G"
575,152,415,1,"YXY",04/08/2008 08:00:00,"YVR",04/08/2008 10:15:00,"4N",505,"G","G"
576,152,415,2,"YVR",04/08/2008 14:10:00,"YXE",04/08/2008 17:05:00,"AC",8576,"Y","Y"
577,152,416,1,"YXY",04/08/2008 08:00:00,"YVR",04/08/2008 10:15:00,"4N",505,"G","G"
578,152,416,2,"YVR",04/08/2008 14:10:00,"YXE",04/08/2008 17:05:00,"AC",8576,"Y","Y"
591,156,424,1,"YXY",04/09/2008 08:30:00,"YDA",04/09/2008 09:45:00,"4N",307,"Y","Y"
592,157,426,1,"ABQ",04/21/2008 12:15:00,"SLC",04/21/2008 13:53:00,"DL",3818,"T","T"
593,157,426,1,"SLC",04/21/2008 14:55:00,"YVR",04/21/2008 16:22:00,"DL",3970,"T","T"
594,157,426,2,"YVR",04/21/2008 21:45:00,"YXY",04/21/2008 23:59:00,"AC",8449,"V","V"
595,157,426,3,"YXY",04/25/2008 18:20:00,"YVR",04/25/2008 20:43:00,"AC",8448,"L","L"
596,157,426,4,"YVR",04/26/2008 05:45:00,"SLC",04/26/2008 09:00:00,"DL",3774,"Q","Q"
597,157,426,4,"SLC",04/26/2008 10:04:00,"ABQ",04/26/2008 11:47:00,"DL",7688,"L","Q"
598,157,427,1,"ABQ",04/21/2008 12:15:00,"SLC",04/21/2008 13:53:00,"DL",3818,"T","T"
599,157,427,1,"SLC",04/21/2008 14:55:00,"YVR",04/21/2008 16:22:00,"DL",3970,"T","T"
600,157,427,2,"YVR",04/21/2008 21:45:00,"YXY",04/21/2008 23:59:00,"AC",8449,"V","V"
601,157,427,3,"YXY",04/25/2008 18:20:00,"YVR",04/25/2008 20:43:00,"AC",8448,"L","L"
602,157,427,4,"YVR",04/26/2008 05:45:00,"SLC",04/26/2008 09:00:00,"DL",3774,"Q","Q"
603,157,427,4,"SLC",04/26/2008 10:04:00,"ABQ",04/26/2008 11:47:00,"DL",7688,"L","Q"
604,158,430,1,"YXY",04/15/2008 18:20:00,"YVR",04/15/2008 20:43:00,"AC",8448,"A","A"
605,158,430,2,"YVR",04/16/2008 08:00:00,"YOW",04/16/2008 15:30:00,"AC",166,"A","A"
606,158,430,3,"YOW",04/18/2008 20:05:00,"YVR",04/18/2008 22:25:00,"AC",139,"V","V"
607,158,430,4,"YVR",04/19/2008 11:30:00,"YXY",04/19/2008 13:55:00,"4N",506,"G","G"
608,158,431,1,"YXY",04/15/2008 18:20:00,"YVR",04/15/2008 20:43:00,"AC",8448,"A","A"
609,158,431,2,"YVR",04/16/2008 08:00:00,"YOW",04/16/2008 15:30:00,"AC",166,"A","A"
610,158,431,3,"YOW",04/18/2008 20:05:00,"YVR",04/18/2008 22:25:00,"AC",139,"V","V"
611,158,431,4,"YVR",04/19/2008 11:30:00,"YXY",04/19/2008 13:55:00,"4N",506,"G","G"
612,159,436,1,"YXY",04/17/2008 08:00:00,"YVR",04/17/2008 10:15:00,"4N",505,"G","G"
613,159,436,2,"YVR",04/20/2008 11:30:00,"YXY",04/20/2008 13:55:00,"4N",506,"G","G"
614,160,438,1,"YYU",04/13/2008 11:25:00,"YSB",04/13/2008 12:50:00,"JV",387,"B","B"
615,160,438,1,"YSB",04/13/2008 13:35:00,"YOW",04/13/2008 14:40:00,"JV",374,"B","B"
616,160,438,2,"YOW",04/25/2008 11:50:00,"YSB",04/25/2008 13:00:00,"JV",377,"Q","Q"
617,160,438,2,"YSB",04/25/2008 13:30:00,"YYU",04/25/2008 15:25:00,"JV",386,"Q","Q"
630,165,452,1,"YXY",04/18/2008 08:00:00,"YVR",04/18/2008 10:15:00,"4N",505,"G","G"
631,165,452,2,"YVR",04/20/2008 11:30:00,"YXY",04/20/2008 13:55:00,"4N",506,"G","G"
632,166,454,1,"YXY",04/16/2008 08:30:00,"YDA",04/16/2008 09:45:00,"4N",307,"Y","Y"
633,166,454,2,"YDA",04/17/2008 15:15:00,"YXY",04/17/2008 16:25:00,"4N",208,"Y","Y"
634,166,455,1,"YXY",04/16/2008 08:30:00,"YDA",04/16/2008 09:45:00,"4N",307,"Y","Y"
635,166,455,2,"YDA",04/17/2008 15:15:00,"YXY",04/17/2008 16:25:00,"4N",208,"Y","Y"
636,166,456,1,"YXY",04/16/2008 08:30:00,"YDA",04/16/2008 09:45:00,"4N",307,"Y","Y"
637,166,456,2,"YDA",04/17/2008 15:15:00,"YXY",04/17/2008 16:25:00,"4N",208,"Y","Y"
638,167,460,1,"YXY",04/13/2008 08:00:00,"YVR",04/13/2008 10:15:00,"4N",505,"G","G"
639,168,462,1,"YXY",04/15/2008 13:25:00,"YVR",04/15/2008 15:49:00,"AC",8446,"V","V"
640,168,462,2,"YVR",04/17/2008 15:20:00,"YXY",04/17/2008 17:47:00,"AC",8447,"V","V"
641,169,464,1,"YEG",04/11/2008 18:15:00,"YXS",04/11/2008 20:33:00,"WS",107,"G","G"
650,173,473,1,"YVR",04/12/2008 14:50:00,"YWG",04/12/2008 19:30:00,"AC",296,"V","V"
651,173,473,2,"YWG",04/14/2008 17:55:00,"YDN",04/14/2008 18:40:00,"ZZ",503,"Y","Y"
652,173,474,1,"YVR",04/12/2008 14:50:00,"YWG",04/12/2008 19:30:00,"AC",296,"V","V"
653,173,474,2,"YWG",04/14/2008 17:55:00,"YDN",04/14/2008 18:40:00,"ZZ",503,"Y","Y"
654,174,476,1,"YOC",04/17/2008 13:40:00,"YXY",04/17/2008 16:25:00,"4N",208,"Y","Y"
655,174,476,2,"YXY",04/21/2008 08:30:00,"YOC",04/21/2008 12:55:00,"4N",207,"Y","Y"
656,175,478,1,"YXY",04/16/2008 13:25:00,"YVR",04/16/2008 15:49:00,"AC",8446,"V","V"
657,175,478,2,"YVR",04/20/2008 11:30:00,"YXY",04/20/2008 13:55:00,"4N",506,"G","G"
658,175,479,1,"YXY",04/16/2008 13:25:00,"YVR",04/16/2008 15:49:00,"AC",8446,"V","V"
659,175,479,2,"YVR",04/20/2008 11:30:00,"YXY",04/20/2008 13:55:00,"4N",506,"G","G"
660,176,481,1,"YHZ",04/17/2008 07:40:00,"YYC",04/17/2008 10:17:00,"WS",229,"G","G"
661,176,481,1,"YYC",04/17/2008 11:45:00,"YVR",04/17/2008 12:09:00,"WS",80,"G","G"
662,176,481,2,"YVR",04/17/2008 15:20:00,"YXY",04/17/2008 17:47:00,"AC",8447,"V","V"
663,176,482,1,"YHZ",04/17/2008 07:40:00,"YYC",04/17/2008 10:17:00,"WS",229,"G","G"
664,176,482,1,"YYC",04/17/2008 11:45:00,"YVR",04/17/2008 12:09:00,"WS",80,"G","G"
665,176,482,2,"YVR",04/17/2008 15:20:00,"YXY",04/17/2008 17:47:00,"AC",8447,"V","V"
666,177,484,1,"YXY",04/14/2008 06:45:00,"YVR",04/14/2008 09:02:00,"AC",8442,"V","V"
667,177,484,1,"YVR",04/14/2008 11:40:00,"YOW",04/14/2008 19:12:00,"AC",188,"V","V"
668,177,484,2,"YOW",04/25/2008 08:00:00,"YVR",04/25/2008 10:19:00,"AC",163,"A","A"
669,177,484,3,"YVR",04/25/2008 15:20:00,"YXY",04/25/2008 17:47:00,"AC",8447,"A","A"
670,178,486,1,"YXY",04/17/2008 06:45:00,"YVR",04/17/2008 09:02:00,"AC",8442,"V","V"
671,178,486,2,"YVR",04/17/2008 13:57:00,"DEN",04/17/2008 17:50:00,"AC",5738,"A","V"
672,178,486,2,"DEN",04/17/2008 19:37:00,"SAT",04/17/2008 22:43:00,"AC",5024,"A","V"
673,178,486,3,"SAT",04/25/2008 08:25:00,"DEN",04/25/2008 09:41:00,"AC",3803,"H","H"
674,178,486,3,"DEN",04/25/2008 11:14:00,"YVR",04/25/2008 13:14:00,"AC",5819,"H","H"
675,178,486,3,"YVR",04/25/2008 15:20:00,"YXY",04/25/2008 17:47:00,"AC",8447,"H","H"
676,179,488,1,"YXY",04/18/2008 13:25:00,"YVR",04/18/2008 15:49:00,"AC",8446,"B","B"
677,179,488,1,"YVR",04/18/2008 17:30:00,"YYC",04/18/2008 19:50:00,"AC",8320,"B","B"
678,179,488,2,"YYC",04/19/2008 06:45:00,"DEN",04/19/2008 09:13:00,"AC",5792,"H","B"
679,179,488,2,"DEN",04/19/2008 10:20:00,"SAT",04/19/2008 13:30:00,"AC",5020,"H","B"
680,179,488,3,"SAT",04/25/2008 08:25:00,"DEN",04/25/2008 09:41:00,"AC",3803,"H","H"
681,179,488,3,"DEN",04/25/2008 11:14:00,"YVR",04/25/2008 13:14:00,"AC",5819,"H","H"
682,179,488,3,"YVR",04/25/2008 15:20:00,"YXY",04/25/2008 17:47:00,"AC",8447,"H","H"
683,180,490,1,"YXY",04/16/2008 08:00:00,"YVR",04/16/2008 10:15:00,"4N",505,"G","G"
684,180,490,2,"YVR",04/20/2008 11:30:00,"YXY",04/20/2008 13:55:00,"4N",506,"G","G"
685,181,492,1,"YXY",04/14/2008 08:00:00,"YVR",04/14/2008 10:15:00,"4N",505,"G","G"
686,181,492,2,"YVR",04/18/2008 11:30:00,"YXY",04/18/2008 13:55:00,"4N",506,"G","G"
687,182,493,1,"YXY",04/16/2008 08:00:00,"YVR",04/16/2008 10:15:00,"4N",505,"G","G"
688,182,493,2,"YVR",04/17/2008 12:00:00,"YYJ",04/17/2008 12:23:00,"AC",8065,"Q","Q"
689,182,493,3,"YYJ",04/21/2008 18:00:00,"YVR",04/21/2008 18:25:00,"AC",8076,"L","L"
690,182,493,4,"YVR",04/22/2008 11:30:00,"YXY",04/22/2008 13:55:00,"4N",506,"G","G"
691,182,494,1,"YXY",04/16/2008 08:00:00,"YVR",04/16/2008 10:15:00,"4N",505,"G","G"
692,182,494,2,"YVR",04/17/2008 12:00:00,"YYJ",04/17/2008 12:23:00,"AC",8065,"Q","Q"
693,182,494,3,"YYJ",04/21/2008 18:00:00,"YVR",04/21/2008 18:25:00,"AC",8076,"L","L"
694,182,494,4,"YVR",04/22/2008 11:30:00,"YXY",04/22/2008 13:55:00,"4N",506,"G","G"
703,186,503,1,"YDA",04/10/2008 10:15:00,"YOC",04/10/2008 12:55:00,"4N",207,"Y","Y"
704,186,503,2,"YOC",04/11/2008 12:15:00,"YDA",04/11/2008 14:55:00,"4N",308,"Y","Y"
705,187,504,1,"YXY",04/20/2008 06:45:00,"YVR",04/20/2008 09:02:00,"AC",8442,"H","H"
706,187,504,1,"YVR",04/20/2008 10:30:00,"YYZ",04/20/2008 18:02:00,"AC",116,"H","H"
707,187,504,2,"YYZ",04/22/2008 20:30:00,"YVR",04/22/2008 22:30:00,"AC",33,"A","A"
708,187,504,3,"YVR",04/23/2008 10:30:00,"YXY",04/23/2008 12:53:00,"AC",8445,"A","A"
709,188,506,1,"YXY",04/20/2008 06:45:00,"YVR",04/20/2008 09:02:00,"AC",8442,"H","H"
710,188,506,1,"YVR",04/20/2008 10:30:00,"YYZ",04/20/2008 18:02:00,"AC",116,"H","H"
711,188,506,2,"YYZ",04/22/2008 20:30:00,"YVR",04/22/2008 22:30:00,"AC",33,"A","A"
712,188,506,3,"YVR",04/23/2008 10:30:00,"YXY",04/23/2008 12:53:00,"AC",8445,"A","A"
713,189,508,1,"YUL",04/20/2008 08:10:00,"YVR",04/20/2008 10:37:00,"AC",111,"Q","Q"
714,189,508,2,"YVR",04/20/2008 15:20:00,"YXY",04/20/2008 17:47:00,"AC",8447,"Q","Q"
715,189,508,3,"YXY",04/26/2008 06:45:00,"YVR",04/26/2008 09:02:00,"AC",8442,"L","L"
716,189,508,3,"YVR",04/26/2008 11:15:00,"YUL",04/26/2008 19:04:00,"AC",194,"L","L"
718,191,512,1,"YXY",04/20/2008 06:45:00,"YVR",04/20/2008 09:02:00,"AC",8442,"Q","Q"
719,191,512,1,"YVR",04/20/2008 09:55:00,"YEG",04/20/2008 12:25:00,"AC",8282,"Q","Q"
720,191,512,2,"YEG",04/25/2008 20:20:00,"YXY",04/25/2008 21:55:00,"4N",508,"G","G"
721,191,513,1,"YXY",04/20/2008 06:45:00,"YVR",04/20/2008 09:02:00,"AC",8442,"Q","Q"
722,191,513,1,"YVR",04/20/2008 09:55:00,"YEG",04/20/2008 12:25:00,"AC",8282,"Q","Q"
723,191,513,2,"YEG",04/25/2008 20:20:00,"YXY",04/25/2008 21:55:00,"4N",508,"G","G"
724,192,516,1,"YXY",04/19/2008 06:45:00,"YVR",04/19/2008 09:02:00,"AC",8442,"H","H"
725,192,516,1,"YVR",04/19/2008 11:00:00,"YYJ",04/19/2008 11:23:00,"AC",8063,"H","H"
726,192,516,2,"YYJ",04/23/2008 13:30:00,"YVR",04/23/2008 13:55:00,"AC",8176,"V","V"
727,192,516,2,"YVR",04/23/2008 15:20:00,"YXY",04/23/2008 17:47:00,"AC",8447,"V","V"
728,193,519,1,"YXY",04/14/2008 18:20:00,"YVR",04/14/2008 20:43:00,"AC",8448,"S","S"
729,193,519,2,"YVR",04/15/2008 09:10:00,"YYZ",04/15/2008 16:40:00,"AC",34,"H","S"
730,193,519,3,"YYZ",04/17/2008 16:00:00,"YVR",04/17/2008 17:58:00,"AC",161,"A","A"
731,193,519,3,"YVR",04/17/2008 21:45:00,"YXY",04/17/2008 23:59:00,"AC",8449,"A","A"
732,194,521,1,"YXY",04/17/2008 13:25:00,"YVR",04/17/2008 15:49:00,"AC",8446,"V","V"
733,194,521,2,"YVR",04/17/2008 18:25:00,"YWG",04/17/2008 23:01:00,"WS",412,"G","G"
734,194,521,3,"YWG",04/18/2008 11:55:00,"YUL",04/18/2008 15:43:00,"AC",1112,"Y","Y"
735,194,521,4,"YUL",04/29/2008 09:00:00,"YYC",04/29/2008 11:27:00,"WS",667,"G","G"
736,194,521,4,"YYC",04/29/2008 13:00:00,"YVR",04/29/2008 13:24:00,"WS",167,"G","G"
737,194,521,5,"YVR",04/29/2008 15:20:00,"YXY",04/29/2008 17:47:00,"AC",8447,"V","V"
738,194,522,1,"YXY",04/17/2008 13:25:00,"YVR",04/17/2008 15:49:00,"AC",8446,"V","V"
739,194,522,2,"YVR",04/17/2008 18:25:00,"YWG",04/17/2008 23:01:00,"WS",412,"G","G"
740,194,522,3,"YWG",04/18/2008 11:55:00,"YUL",04/18/2008 15:43:00,"AC",1112,"Y","Y"
741,194,522,4,"YUL",04/29/2008 09:00:00,"YYC",04/29/2008 11:27:00,"WS",667,"G","G"
742,194,522,4,"YYC",04/29/2008 13:00:00,"YVR",04/29/2008 13:24:00,"WS",167,"G","G"
743,194,522,5,"YVR",04/29/2008 15:20:00,"YXY",04/29/2008 17:47:00,"AC",8447,"V","V"
744,195,525,1,"YXY",04/18/2008 14:55:00,"YYC",04/18/2008 18:15:00,"4N",507,"G","G"
745,195,525,2,"YYC",04/18/2008 20:45:00,"YWG",04/18/2008 23:36:00,"WS",502,"G","G"
746,195,525,3,"YWG",04/20/2008 17:25:00,"YYZ",04/20/2008 20:48:00,"AC",264,"Q","Q"
747,195,525,4,"YYZ",04/22/2008 20:30:00,"YVR",04/22/2008 22:30:00,"AC",33,"A","Q"
748,195,525,5,"YVR",04/27/2008 21:45:00,"YXY",04/27/2008 23:59:00,"AC",8449,"V","Q"
749,195,526,1,"YXY",04/18/2008 14:55:00,"YYC",04/18/2008 18:15:00,"4N",507,"G","G"
750,195,526,2,"YYC",04/18/2008 20:45:00,"YWG",04/18/2008 23:36:00,"WS",502,"G","G"
751,195,526,3,"YWG",04/20/2008 17:25:00,"YYZ",04/20/2008 20:48:00,"AC",264,"Q","Q"
752,195,526,4,"YYZ",04/22/2008 20:30:00,"YVR",04/22/2008 22:30:00,"AC",33,"A","Q"
753,195,526,5,"YVR",04/27/2008 21:45:00,"YXY",04/27/2008 23:59:00,"AC",8449,"V","Q"
754,195,527,1,"YXY",04/18/2008 14:55:00,"YYC",04/18/2008 18:15:00,"4N",507,"G","G"
755,195,527,2,"YYC",04/18/2008 20:45:00,"YWG",04/18/2008 23:36:00,"WS",502,"G","G"
756,195,527,3,"YWG",04/20/2008 17:25:00,"YYZ",04/20/2008 20:48:00,"AC",264,"Q","Q"
757,195,527,4,"YYZ",04/22/2008 20:30:00,"YVR",04/22/2008 22:30:00,"AC",33,"A","Q"
758,195,527,5,"YVR",04/27/2008 21:45:00,"YXY",04/27/2008 23:59:00,"AC",8449,"V","Q"
759,196,529,1,"YXY",04/20/2008 06:45:00,"YVR",04/20/2008 09:02:00,"AC",8442,"Q","Q"
760,196,529,1,"YVR",04/20/2008 10:10:00,"YYC",04/20/2008 12:34:00,"AC",206,"Q","Q"
761,196,529,2,"YYC",04/23/2008 20:30:00,"YVR",04/23/2008 20:55:00,"AC",8329,"A","A"
762,196,529,2,"YVR",04/23/2008 21:45:00,"YXY",04/23/2008 23:59:00,"AC",8449,"A","A"
765,198,534,1,"YXY",04/20/2008 06:45:00,"YVR",04/20/2008 09:02:00,"AC",8442,"H","H"
766,198,534,1,"YVR",04/20/2008 10:10:00,"YYC",04/20/2008 12:34:00,"AC",206,"H","H"
767,198,534,1,"YYC",04/20/2008 13:15:00,"YOW",04/20/2008 19:05:00,"AC",118,"H","H"
768,198,534,2,"YOW",04/27/2008 10:00:00,"YYZ",04/27/2008 11:05:00,"AC",447,"H","H"
769,198,534,3,"YYZ",04/27/2008 12:00:00,"YVR",04/27/2008 13:57:00,"AC",101,"H","H"
770,198,534,3,"YVR",04/27/2008 15:20:00,"YXY",04/27/2008 17:47:00,"AC",8447,"H","H"
813,209,563,1,"YXY",04/22/2008 18:20:00,"YVR",04/22/2008 20:43:00,"AC",8448,"A","A"
814,209,563,1,"YVR",04/22/2008 22:35:00,"YYZ",04/23/2008 06:05:00,"AC",156,"A","A"
815,209,563,2,"YYZ",04/25/2008 18:00:00,"YVR",04/25/2008 20:10:00,"AC",137,"A","A"
816,209,563,2,"YVR",04/25/2008 21:45:00,"YXY",04/25/2008 23:59:00,"AC",8449,"A","A"
817,210,565,1,"YXY",04/22/2008 06:45:00,"YVR",04/22/2008 09:02:00,"AC",8442,"Q","Q"
818,210,565,1,"YVR",04/22/2008 10:30:00,"YYZ",04/22/2008 18:02:00,"AC",116,"Q","Q"
819,210,565,2,"YYZ",04/22/2008 19:25:00,"YYT",04/22/2008 23:53:00,"AC",1198,"Q","Q"
820,210,565,3,"YYT",04/30/2008 06:30:00,"YYC",04/30/2008 11:35:00,"AC",113,"L","Q"
821,210,565,3,"YYC",04/30/2008 13:20:00,"YVR",04/30/2008 13:48:00,"AC",215,"L","Q"
822,210,565,3,"YVR",04/30/2008 15:20:00,"YXY",04/30/2008 17:47:00,"AC",8447,"L","Q"
823,211,567,1,"YXT",04/23/2008 09:55:00,"YVR",04/23/2008 11:47:00,"AC",8241,"Q","Q"
824,211,567,2,"YVR",04/24/2008 17:30:00,"YXT",04/24/2008 19:20:00,"AC",8244,"H","H"
825,211,568,1,"YXT",04/23/2008 09:55:00,"YVR",04/23/2008 11:47:00,"AC",8241,"Q","Q"
826,211,568,2,"YVR",04/24/2008 17:30:00,"YXT",04/24/2008 19:20:00,"AC",8244,"H","H"
827,212,571,1,"YXY",04/28/2008 08:00:00,"YVR",04/28/2008 10:15:00,"4N",505,"G","G"
828,212,571,2,"YVR",05/01/2008 11:30:00,"YXY",05/01/2008 13:55:00,"4N",506,"G","G"
829,213,574,1,"YXY",04/20/2008 13:25:00,"YVR",04/20/2008 15:49:00,"AC",8446,"V","V"
830,213,574,1,"YVR",04/20/2008 16:30:00,"YYJ",04/20/2008 16:52:00,"AC",8087,"B","V"
831,213,574,2,"YYJ",04/25/2008 11:00:00,"YVR",04/25/2008 11:25:00,"AC",8062,"U","U"
832,213,574,3,"YVR",04/26/2008 10:30:00,"YXY",04/26/2008 12:53:00,"AC",8445,"A","U"
833,213,575,1,"YXY",04/20/2008 13:25:00,"YVR",04/20/2008 15:49:00,"AC",8446,"V","V"
834,213,575,1,"YVR",04/20/2008 16:30:00,"YYJ",04/20/2008 16:52:00,"AC",8087,"B","V"
835,213,575,2,"YYJ",04/25/2008 11:00:00,"YVR",04/25/2008 11:25:00,"AC",8062,"U","U"
836,213,575,3,"YVR",04/26/2008 10:30:00,"YXY",04/26/2008 12:53:00,"AC",8445,"A","U"
837,214,576,1,"YXY",04/21/2008 08:30:00,"YDA",04/21/2008 09:45:00,"4N",207,"Y","Y"
838,214,576,2,"YDA",04/25/2008 15:15:00,"YXY",04/25/2008 16:25:00,"4N",308,"Y","Y"
839,214,577,1,"YXY",04/21/2008 08:30:00,"YDA",04/21/2008 09:45:00,"4N",207,"Y","Y"
840,214,577,2,"YDA",04/25/2008 15:15:00,"YXY",04/25/2008 16:25:00,"4N",308,"Y","Y"
841,215,578,1,"YOC",04/21/2008 13:40:00,"YXY",04/21/2008 16:25:00,"4N",208,"Y","Y"
842,215,578,2,"YXY",04/25/2008 08:30:00,"YOC",04/25/2008 11:30:00,"4N",307,"Y","Y"
853,219,587,1,"YXY",04/21/2008 13:25:00,"YVR",04/21/2008 15:49:00,"AC",8446,"Q","Q"
854,219,587,2,"YVR",04/22/2008 15:20:00,"YXY",04/22/2008 17:47:00,"AC",8447,"Q","Q"
855,220,589,1,"YXY",04/19/2008 08:00:00,"YVR",04/19/2008 10:15:00,"4N",505,"Y","Y"
856,220,589,2,"YVR",04/19/2008 12:50:00,"YEG",04/19/2008 15:15:00,"AC",8284,"Q","Q"
857,220,589,3,"YEG",04/19/2008 17:30:00,"YZF",04/19/2008 19:17:00,"7F",957,"G","G"
858,220,589,4,"YZF",04/25/2008 18:05:00,"YEG",04/25/2008 21:23:00,"5T",469,"M","M"
859,220,589,5,"YEG",04/26/2008 08:15:00,"YVR",04/26/2008 08:58:00,"AC",237,"Q","Q"
860,220,589,5,"YVR",04/26/2008 10:30:00,"YXY",04/26/2008 12:53:00,"AC",8445,"Q","Q"
861,220,590,1,"YXY",04/19/2008 08:00:00,"YVR",04/19/2008 10:15:00,"4N",505,"Y","Y"
862,220,590,2,"YVR",04/19/2008 12:50:00,"YEG",04/19/2008 15:15:00,"AC",8284,"Q","Q"
863,220,590,3,"YEG",04/19/2008 17:30:00,"YZF",04/19/2008 19:17:00,"7F",957,"G","G"
864,220,590,4,"YZF",04/25/2008 18:05:00,"YEG",04/25/2008 21:23:00,"5T",469,"M","M"
865,220,590,5,"YEG",04/26/2008 08:15:00,"YVR",04/26/2008 08:58:00,"AC",237,"Q","Q"
866,220,590,5,"YVR",04/26/2008 10:30:00,"YXY",04/26/2008 12:53:00,"AC",8445,"Q","Q"
867,220,591,1,"YXY",04/19/2008 08:00:00,"YVR",04/19/2008 10:15:00,"4N",505,"Y","Y"
868,220,591,2,"YVR",04/19/2008 12:50:00,"YEG",04/19/2008 15:15:00,"AC",8284,"Q","Q"
869,220,591,3,"YEG",04/19/2008 17:30:00,"YZF",04/19/2008 19:17:00,"7F",957,"G","G"
870,220,591,4,"YZF",04/25/2008 18:05:00,"YEG",04/25/2008 21:23:00,"5T",469,"M","M"
871,220,591,5,"YEG",04/26/2008 08:15:00,"YVR",04/26/2008 08:58:00,"AC",237,"Q","Q"
872,220,591,5,"YVR",04/26/2008 10:30:00,"YXY",04/26/2008 12:53:00,"AC",8445,"Q","Q"
873,220,592,1,"YXY",04/19/2008 08:00:00,"YVR",04/19/2008 10:15:00,"4N",505,"Y","Y"
874,220,592,2,"YVR",04/19/2008 12:50:00,"YEG",04/19/2008 15:15:00,"AC",8284,"Q","Q"
875,220,592,3,"YEG",04/19/2008 17:30:00,"YZF",04/19/2008 19:17:00,"7F",957,"G","G"
876,220,592,4,"YZF",04/25/2008 18:05:00,"YEG",04/25/2008 21:23:00,"5T",469,"M","M"
877,220,592,5,"YEG",04/26/2008 08:15:00,"YVR",04/26/2008 08:58:00,"AC",237,"Q","Q"
878,220,592,5,"YVR",04/26/2008 10:30:00,"YXY",04/26/2008 12:53:00,"AC",8445,"Q","Q"
879,221,594,1,"YXY",04/21/2008 18:20:00,"YVR",04/21/2008 20:43:00,"AC",8448,"U","U"
880,221,594,2,"YVR",04/23/2008 10:30:00,"YXY",04/23/2008 12:53:00,"AC",8445,"U","U"
881,222,595,1,"YQZ",04/21/2008 07:20:00,"YVR",04/21/2008 09:10:00,"AC",7312,"V","V"
882,222,595,1,"YVR",04/21/2008 10:30:00,"YXY",04/21/2008 12:53:00,"AC",8445,"V","V"
883,222,595,2,"YXY",07/18/2008 13:40:00,"YVR",07/18/2008 15:57:00,"AC",8446,"Q","Q"
884,222,595,2,"YVR",07/18/2008 18:15:00,"YQZ",07/18/2008 20:00:00,"AC",7305,"Q","Q"
885,223,597,1,"YXY",04/20/2008 06:45:00,"YVR",04/20/2008 09:02:00,"AC",8442,"Q","Q"
886,223,597,1,"YVR",04/20/2008 09:55:00,"YLW",04/20/2008 10:45:00,"AC",8412,"Q","Q"
887,223,597,2,"YLW",04/24/2008 08:55:00,"YVR",04/24/2008 09:55:00,"AC",8415,"Q","Q"
888,223,597,2,"YVR",04/24/2008 10:30:00,"YXY",04/24/2008 12:53:00,"AC",8445,"Q","Q"
889,223,598,1,"YXY",04/20/2008 06:45:00,"YVR",04/20/2008 09:02:00,"AC",8442,"Q","Q"
890,223,598,1,"YVR",04/20/2008 09:55:00,"YLW",04/20/2008 10:45:00,"AC",8412,"Q","Q"
891,223,598,2,"YLW",04/24/2008 08:55:00,"YVR",04/24/2008 09:55:00,"AC",8415,"Q","Q"
892,223,598,2,"YVR",04/24/2008 10:30:00,"YXY",04/24/2008 12:53:00,"AC",8445,"Q","Q"
907,226,607,1,"YXY",04/20/2008 13:25:00,"YVR",04/20/2008 15:49:00,"AC",8446,"U","U"
908,226,607,1,"YVR",04/20/2008 17:30:00,"YYC",04/20/2008 19:50:00,"AC",8320,"U","U"
909,226,607,2,"YYC",04/23/2008 18:55:00,"YXY",04/23/2008 21:55:00,"4N",508,"G","G"
910,226,608,1,"YXY",04/20/2008 13:25:00,"YVR",04/20/2008 15:49:00,"AC",8446,"U","U"
911,226,608,1,"YVR",04/20/2008 17:30:00,"YYC",04/20/2008 19:50:00,"AC",8320,"U","U"
912,226,608,2,"YYC",04/23/2008 18:55:00,"YXY",04/23/2008 21:55:00,"4N",508,"G","G"
913,227,611,1,"YXY",04/20/2008 13:25:00,"YVR",04/20/2008 15:49:00,"AC",8446,"U","U"
914,227,611,1,"YVR",04/20/2008 17:30:00,"YYC",04/20/2008 19:50:00,"AC",8320,"U","U"
915,227,611,2,"YYC",04/23/2008 18:55:00,"YXY",04/23/2008 21:55:00,"4N",508,"G","G"
916,227,612,1,"YXY",04/20/2008 13:25:00,"YVR",04/20/2008 15:49:00,"AC",8446,"U","U"
917,227,612,1,"YVR",04/20/2008 17:30:00,"YYC",04/20/2008 19:50:00,"AC",8320,"U","U"
918,227,612,2,"YYC",04/23/2008 18:55:00,"YXY",04/23/2008 21:55:00,"4N",508,"G","G"
919,228,615,1,"YLW",04/20/2008 19:20:00,"YVR",04/20/2008 20:18:00,"AC",8425,"Q","Q"
920,228,615,1,"YVR",04/20/2008 21:45:00,"YXY",04/20/2008 23:59:00,"AC",8449,"Q","Q"
921,228,615,2,"YXY",04/25/2008 13:25:00,"YVR",04/25/2008 15:49:00,"AC",8446,"Q","Q"
922,228,615,2,"YVR",04/25/2008 18:00:00,"YLW",04/25/2008 19:00:00,"AC",8422,"Q","Q"
923,229,617,1,"YXY",04/21/2008 13:25:00,"YVR",04/21/2008 15:49:00,"AC",8446,"Q","Q"
924,229,617,2,"YVR",04/25/2008 11:30:00,"YXY",04/25/2008 13:55:00,"4N",506,"G","G"
925,229,618,1,"YXY",04/21/2008 13:25:00,"YVR",04/21/2008 15:49:00,"AC",8446,"Q","Q"
926,229,618,2,"YVR",04/25/2008 11:30:00,"YXY",04/25/2008 13:55:00,"4N",506,"G","G"
927,230,621,1,"YLW",04/13/2008 11:35:00,"YVR",04/13/2008 12:25:00,"WS",83,"G","G"
928,230,621,2,"YVR",04/15/2008 14:15:00,"YLW",04/15/2008 15:05:00,"WS",124,"G","G"
929,230,622,1,"YLW",04/13/2008 11:35:00,"YVR",04/13/2008 12:25:00,"WS",83,"G","G"
930,230,622,2,"YVR",04/15/2008 14:15:00,"YLW",04/15/2008 15:05:00,"WS",124,"G","G"
931,231,624,1,"YQR",04/22/2008 07:39:00,"YVR",04/22/2008 08:59:00,"AC",8571,"V","V"
932,231,624,1,"YVR",04/22/2008 10:30:00,"YXY",04/22/2008 12:53:00,"AC",8445,"V","V"
933,231,624,2,"YXY",04/23/2008 14:55:00,"YYC",04/23/2008 18:15:00,"4N",507,"G","G"
934,231,624,3,"YYC",04/23/2008 19:55:00,"YQR",04/23/2008 21:07:00,"WS",212,"G","G"
935,231,625,1,"YQR",04/22/2008 07:39:00,"YVR",04/22/2008 08:59:00,"AC",8571,"V","V"
936,231,625,1,"YVR",04/22/2008 10:30:00,"YXY",04/22/2008 12:53:00,"AC",8445,"V","V"
937,231,625,2,"YXY",04/23/2008 14:55:00,"YYC",04/23/2008 18:15:00,"4N",507,"G","G"
938,231,625,3,"YYC",04/23/2008 19:55:00,"YQR",04/23/2008 21:07:00,"WS",212,"G","G"
939,231,626,1,"YQR",04/22/2008 07:39:00,"YVR",04/22/2008 08:59:00,"AC",8571,"V","V"
940,231,626,1,"YVR",04/22/2008 10:30:00,"YXY",04/22/2008 12:53:00,"AC",8445,"V","V"
941,231,626,2,"YXY",04/23/2008 14:55:00,"YYC",04/23/2008 18:15:00,"4N",507,"G","G"
942,231,626,3,"YYC",04/23/2008 19:55:00,"YQR",04/23/2008 21:07:00,"WS",212,"G","G"
943,232,628,1,"YXY",04/19/2008 06:45:00,"YVR",04/19/2008 09:02:00,"AC",8442,"B","B"
944,232,628,1,"YVR",04/19/2008 10:00:00,"YYC",04/19/2008 12:22:00,"AC",8310,"B","B"
945,232,628,2,"YYC",04/19/2008 13:15:00,"YOW",04/19/2008 19:05:00,"AC",118,"B","B"
946,232,628,3,"YOW",04/25/2008 08:00:00,"YVR",04/25/2008 10:19:00,"AC",163,"A","B"
947,232,628,4,"YVR",04/25/2008 15:20:00,"YXY",04/25/2008 17:47:00,"AC",8447,"L","B"
970,238,644,1,"YXY",04/23/2008 06:45:00,"YVR",04/23/2008 09:02:00,"AC",8442,"V","V"
971,238,644,1,"YVR",04/23/2008 10:30:00,"YYZ",04/23/2008 18:02:00,"AC",116,"V","V"
972,238,644,2,"YYZ",04/28/2008 12:00:00,"YVR",04/28/2008 13:57:00,"AC",101,"A","A"
973,238,644,2,"YVR",04/28/2008 15:20:00,"YXY",04/28/2008 17:47:00,"AC",8447,"A","A"
974,239,646,1,"YXY",04/28/2008 08:30:00,"YOC",04/28/2008 12:55:00,"4N",207,"Y","Y"
975,239,646,2,"YOC",04/30/2008 12:15:00,"YXY",04/30/2008 16:25:00,"4N",308,"Y","Y"
976,240,648,1,"YXY",04/23/2008 06:45:00,"YVR",04/23/2008 09:02:00,"AC",8442,"Q","Q"
977,240,648,1,"YVR",04/23/2008 11:40:00,"YOW",04/23/2008 19:12:00,"AC",188,"Q","Q"
978,240,648,2,"YOW",04/26/2008 17:55:00,"YVR",04/26/2008 20:15:00,"AC",189,"A","A"
979,240,648,2,"YVR",04/26/2008 21:45:00,"YXY",04/26/2008 23:59:00,"AC",8449,"Q","A"
980,241,650,1,"YOC",04/23/2008 12:15:00,"YXY",04/23/2008 16:25:00,"4N",308,"Y","Y"
981,241,650,2,"YXY",04/28/2008 08:30:00,"YOC",04/28/2008 12:55:00,"4N",207,"Y","Y"
982,242,652,1,"YXY",04/20/2008 06:45:00,"YVR",04/20/2008 09:02:00,"AC",8442,"Y","Y"
983,242,652,1,"YVR",04/20/2008 10:10:00,"YYC",04/20/2008 12:34:00,"AC",206,"Y","Y"
984,242,652,2,"YYC",04/26/2008 20:30:00,"YVR",04/26/2008 20:55:00,"AC",227,"Y","Y"
985,242,652,2,"YVR",04/26/2008 21:45:00,"YXY",04/26/2008 23:59:00,"AC",8449,"Y","Y"
986,243,653,1,"YXY",05/02/2008 08:00:00,"YVR",05/02/2008 10:15:00,"4N",505,"G","G"
987,243,653,2,"YVR",05/02/2008 12:56:00,"SLC",05/02/2008 16:07:00,"DL",4051,"T","T"
988,243,653,3,"SLC",05/07/2008 10:55:00,"YVR",05/07/2008 12:21:00,"DL",4004,"L","L"
989,243,653,4,"YVR",05/07/2008 16:40:00,"YXY",05/07/2008 18:55:00,"AC",8447,"A","A"
990,243,654,1,"YXY",05/02/2008 08:00:00,"YVR",05/02/2008 10:15:00,"4N",505,"G","G"
991,243,654,2,"YVR",05/02/2008 12:56:00,"SLC",05/02/2008 16:07:00,"DL",4051,"T","T"
992,243,654,3,"SLC",05/07/2008 10:55:00,"YVR",05/07/2008 12:21:00,"DL",4004,"L","L"
993,243,654,4,"YVR",05/07/2008 16:40:00,"YXY",05/07/2008 18:55:00,"AC",8447,"A","A"
994,243,655,1,"YXY",05/02/2008 08:00:00,"YVR",05/02/2008 10:15:00,"4N",505,"G","G"
995,243,655,2,"YVR",05/02/2008 12:56:00,"SLC",05/02/2008 16:07:00,"DL",4051,"T","T"
996,243,655,3,"SLC",05/07/2008 10:55:00,"YVR",05/07/2008 12:21:00,"DL",4004,"L","L"
997,243,655,4,"YVR",05/07/2008 16:40:00,"YXY",05/07/2008 18:55:00,"AC",8447,"A","A"
1004,245,660,1,"YXY",04/21/2008 08:30:00,"YOC",04/21/2008 12:55:00,"4N",207,"Y","Y"
1005,246,662,1,"YXS",04/15/2008 18:00:00,"YVR",04/15/2008 19:10:00,"AC",8208,"Q","Q"
1006,246,662,1,"YVR",04/15/2008 21:45:00,"YXY",04/15/2008 23:59:00,"AC",8449,"Y","Q"
1007,247,664,1,"YXY",04/15/2008 06:45:00,"YVR",04/15/2008 09:02:00,"AC",8442,"V","V"
1008,247,664,1,"YVR",04/15/2008 10:15:00,"YXS",04/15/2008 11:20:00,"AC",8203,"Q","V"
1009,247,664,2,"YXS",04/15/2008 18:00:00,"YVR",04/15/2008 19:10:00,"AC",8208,"B","B"
1010,247,664,2,"YVR",04/15/2008 21:45:00,"YXY",04/15/2008 23:59:00,"AC",8449,"Y","B"
1011,247,665,1,"YXY",04/15/2008 06:45:00,"YVR",04/15/2008 09:02:00,"AC",8442,"V","V"
1012,247,665,1,"YVR",04/15/2008 10:15:00,"YXS",04/15/2008 11:20:00,"AC",8203,"Q","V"
1013,247,665,2,"YXS",04/15/2008 18:00:00,"YVR",04/15/2008 19:10:00,"AC",8208,"B","B"
1014,247,665,2,"YVR",04/15/2008 21:45:00,"YXY",04/15/2008 23:59:00,"AC",8449,"Y","B"
1017,251,672,1,"YXY",04/23/2008 14:55:00,"YYC",04/23/2008 18:15:00,"4N",507,"G","G"
1018,251,672,2,"YYC",04/25/2008 18:55:00,"YXY",04/25/2008 21:55:00,"4N",508,"G","G"
1019,252,674,1,"YXY",04/23/2008 06:45:00,"YVR",04/23/2008 09:02:00,"AC",8442,"V","V"
1020,252,674,1,"YVR",04/23/2008 10:00:00,"YYJ",04/23/2008 10:23:00,"AC",8061,"V","V"
1021,252,674,2,"YYJ",04/26/2008 07:00:00,"YVR",04/26/2008 07:25:00,"AC",8054,"B","B"
1022,252,674,2,"YVR",04/26/2008 10:30:00,"YXY",04/26/2008 12:53:00,"AC",8445,"Q","B"
1023,253,677,1,"YOW",04/29/2008 10:00:00,"YYZ",04/29/2008 11:05:00,"AC",447,"A","A"
1024,253,677,1,"YYZ",04/29/2008 12:00:00,"YVR",04/29/2008 14:05:00,"AC",101,"A","A"
1025,253,677,1,"YVR",04/29/2008 15:20:00,"YXY",04/29/2008 17:47:00,"AC",8447,"Y","A"
1026,254,679,1,"YXY",04/15/2008 13:25:00,"YVR",04/15/2008 15:49:00,"AC",8446,"B","B"
1027,254,679,2,"YVR",04/17/2008 15:20:00,"YXY",04/17/2008 17:47:00,"AC",8447,"V","V"
1036,258,689,1,"YEG",04/23/2008 13:30:00,"YVR",04/23/2008 14:04:00,"AC",8287,"V","V"
1037,258,689,1,"YVR",04/23/2008 15:20:00,"YXY",04/23/2008 17:47:00,"AC",8447,"V","V"
1038,258,689,2,"YXY",04/24/2008 18:20:00,"YVR",04/24/2008 20:43:00,"AC",8448,"V","V"
1039,258,689,2,"YVR",04/24/2008 22:55:00,"YEG",04/25/2008 01:22:00,"AC",8290,"V","V"
1040,259,691,1,"YXY",04/20/2008 13:25:00,"YVR",04/20/2008 15:49:00,"AC",8446,"V","V"
1041,259,691,1,"YVR",04/20/2008 16:30:00,"YYJ",04/20/2008 16:52:00,"AC",8087,"U","V"
1042,259,691,2,"YYJ",04/25/2008 20:00:00,"YVR",04/25/2008 20:25:00,"AC",8080,"A","A"
1043,259,691,2,"YVR",04/25/2008 21:45:00,"YXY",04/25/2008 23:59:00,"AC",8449,"S","A"
1049,262,697,1,"YYG",04/20/2008 06:00:00,"YVR",04/20/2008 10:37:00,"AC",7677,"H","H"
1050,262,697,2,"YVR",04/20/2008 15:20:00,"YXY",1899-12-30 00:00:00.000,"AC",8447,"H","H"
1051,262,697,3,"YXY",04/22/2008 06:45:00,"YVR",1899-12-30 00:00:00.000,"AC",5442,"V","V"
1052,262,697,4,"YVR",04/22/2008 11:15:00,"YYG",NULL,"AC",194,"V","V"
1053,263,699,1,"YXY",04/24/2008 13:25:00,"YVR",04/24/2008 15:49:00,"AC",8446,"V","V"
1054,263,699,1,"YVR",04/24/2008 17:30:00,"YYC",04/24/2008 19:50:00,"AC",8320,"V","V"
1055,263,699,2,"YYC",04/30/2008 09:10:00,"YVR",04/30/2008 09:39:00,"AC",207,"Q","Q"
1056,263,699,2,"YVR",04/30/2008 10:30:00,"YXY",04/30/2008 12:53:00,"AC",8445,"Q","Q"
1057,264,701,1,"YXY",04/18/2008 08:30:00,"YOC",04/18/2008 11:30:00,"4N",307,"Y","Y"
1058,264,701,2,"YOC",04/21/2008 13:40:00,"YXY",04/21/2008 16:25:00,"4N",208,"Y","Y"
1077,270,717,1,"YXY",04/24/2008 13:25:00,"YVR",04/24/2008 15:49:00,"AC",8446,"V","V"
1078,270,717,1,"YVR",04/24/2008 16:30:00,"YYJ",04/24/2008 16:52:00,"AC",8087,"V","V"
1079,270,717,2,"YYJ",05/02/2008 19:00:00,"YVR",05/02/2008 19:25:00,"AC",8078,"A","A"
1080,270,717,2,"YVR",05/02/2008 21:45:00,"YXY",05/02/2008 23:59:00,"AC",8449,"A","A"
1081,271,719,1,"YXY",04/27/2008 08:00:00,"YVR",04/27/2008 10:15:00,"4N",505,"G","G"
1082,271,719,2,"YVR",05/11/2008 11:30:00,"YXY",05/11/2008 13:55:00,"4N",506,"G","G"
1083,272,721,1,"YXY",04/27/2008 08:00:00,"YVR",04/27/2008 10:15:00,"4N",505,"G","G"
1084,272,721,2,"YVR",05/07/2008 11:30:00,"YXY",05/07/2008 13:55:00,"4N",506,"G","G"
1085,273,723,1,"YHZ",04/24/2008 09:15:00,"YYZ",04/24/2008 10:40:00,"AC",607,"V","V"
1086,273,723,1,"YYZ",04/24/2008 12:00:00,"YVR",04/24/2008 13:57:00,"AC",101,"V","V"
1087,273,723,1,"YVR",04/24/2008 15:20:00,"YXY",04/24/2008 17:47:00,"AC",8447,"V","V"
1088,273,723,2,"YXY",04/26/2008 06:45:00,"YVR",04/26/2008 09:02:00,"AC",8442,"Q","Q"
1089,273,723,2,"YVR",04/26/2008 10:30:00,"YYZ",04/26/2008 18:02:00,"AC",116,"Q","Q"
1090,273,723,2,"YYZ",04/26/2008 19:00:00,"YHZ",04/26/2008 22:00:00,"AC",618,"Q","Q"
1091,274,725,1,"YXY",04/22/2008 13:25:00,"YVR",04/22/2008 15:49:00,"AC",8446,"V","V"
1092,274,725,1,"YVR",04/22/2008 17:30:00,"YYC",04/22/2008 19:50:00,"AC",8320,"V","V"
1093,274,725,2,"YYC",04/24/2008 14:10:00,"YVR",04/24/2008 14:38:00,"AC",217,"V","V"
1094,274,725,2,"YVR",04/24/2008 15:20:00,"YXY",04/24/2008 17:47:00,"AC",8447,"V","V"
1095,275,727,1,"YOC",04/23/2008 12:15:00,"YXY",04/23/2008 16:25:00,"4N",308,"Y","Y"
1096,275,727,2,"YXY",04/28/2008 08:30:00,"YOC",04/28/2008 12:55:00,"4N",207,"Y","Y"
1097,276,729,1,"YXY",04/27/2008 08:00:00,"YVR",04/27/2008 10:15:00,"4N",505,"G","G"
1098,276,729,2,"YVR",05/02/2008 11:30:00,"YXY",05/02/2008 13:55:00,"4N",506,"G","G"
1099,277,731,1,"YXY",04/25/2008 13:25:00,"YVR",04/25/2008 15:49:00,"AC",8446,"V","V"
1100,277,731,2,"YVR",05/02/2008 11:30:00,"YXY",05/02/2008 13:55:00,"4N",506,"G","G"
1101,277,732,1,"YXY",04/25/2008 13:25:00,"YVR",04/25/2008 15:49:00,"AC",8446,"V","V"
1102,277,732,2,"YVR",05/02/2008 11:30:00,"YXY",05/02/2008 13:55:00,"4N",506,"G","G"
1123,285,750,1,"YXY",04/21/2008 08:00:00,"YVR",04/21/2008 10:15:00,"4N",505,"G","G"
1124,285,750,2,"YVR",04/21/2008 12:30:00,"YYZ",04/21/2008 20:00:00,"AC",1166,"A","A"
1125,285,750,3,"YYZ",04/21/2008 21:10:00,"YOW",04/21/2008 22:10:00,"AC",468,"A","A"
1126,285,750,4,"YOW",04/24/2008 16:20:00,"YVR",04/24/2008 18:40:00,"AC",189,"Q","A"
1127,285,750,4,"YVR",04/24/2008 21:45:00,"YXY",04/24/2008 23:59:00,"AC",8449,"Q","A"
1128,286,753,1,"YXY",04/24/2008 13:25:00,"YVR",04/24/2008 15:49:00,"AC",8446,"V","V"
1129,286,753,2,"YVR",04/29/2008 15:15:00,"YWG",04/29/2008 19:51:00,"WS",4120,"G","G"
1130,286,753,3,"YWG",05/03/2008 08:50:00,"YVR",05/03/2008 09:57:00,"AC",295,"L","L"
1131,286,753,3,"YVR",05/03/2008 10:50:00,"YXY",05/03/2008 13:04:00,"AC",8441,"A","L"
1132,286,754,1,"YXY",04/24/2008 13:25:00,"YVR",04/24/2008 15:49:00,"AC",8446,"V","V"
1133,286,754,2,"YVR",04/29/2008 15:15:00,"YWG",04/29/2008 19:51:00,"WS",4120,"G","G"
1134,286,754,3,"YWG",05/03/2008 08:50:00,"YVR",05/03/2008 09:57:00,"AC",295,"L","L"
1135,286,754,3,"YVR",05/03/2008 10:50:00,"YXY",05/03/2008 13:04:00,"AC",8441,"A","L"
1137,288,758,1,"YXY",04/18/2008 14:55:00,"YEG",04/18/2008 19:40:00,"4N",507,"G","G"
1138,290,762,1,"YXY",04/21/2008 08:00:00,"YVR",04/21/2008 10:15:00,"4N",505,"G","G"
1139,290,762,2,"YVR",04/23/2008 21:45:00,"YXY",04/23/2008 23:59:00,"AC",8449,"A","A"
1140,290,763,1,"YXY",04/21/2008 08:00:00,"YVR",04/21/2008 10:15:00,"4N",505,"G","G"
1141,290,763,2,"YVR",04/23/2008 21:45:00,"YXY",04/23/2008 23:59:00,"AC",8449,"A","A"
1151,294,773,1,"YXY",04/16/2008 14:55:00,"YYC",04/16/2008 18:15:00,"4N",507,"G","G"
1152,294,773,2,"YYC",04/18/2008 18:55:00,"YXY",04/18/2008 21:55:00,"4N",508,"G","G"
1171,298,784,1,"YXY",04/27/2008 06:45:00,"YVR",04/27/2008 09:02:00,"AC",8442,"H","H"
1172,298,784,1,"YVR",04/27/2008 10:30:00,"YYZ",04/27/2008 18:02:00,"AC",116,"H","H"
1173,298,784,2,"YYZ",04/27/2008 18:55:00,"YQB",04/27/2008 20:17:00,"AC",8926,"H","H"
1174,298,784,3,"YQB",04/29/2008 16:45:00,"YOW",04/29/2008 18:00:00,"AC",8749,"A","H"
1175,298,784,4,"YYZ",05/04/2008 15:55:00,"DCA",05/04/2008 17:19:00,"AC",308,"A","H"
1176,298,784,5,"DCA",05/08/2008 06:00:00,"YYZ",05/08/2008 07:25:00,"AC",313,"A","A"
1177,298,784,5,"YYZ",05/08/2008 10:00:00,"YVR",05/08/2008 12:00:00,"AC",105,"A","A"
1178,298,784,6,"YVR",05/08/2008 16:40:00,"YXY",05/08/2008 18:55:00,"AC",8447,"L","A"
1187,303,795,1,"YXY",04/22/2008 08:00:00,"YVR",04/22/2008 10:15:00,"4N",505,"G","G"
1188,303,795,2,"YVR",04/23/2008 10:30:00,"YXY",04/23/2008 12:53:00,"AC",8445,"G","G"
1189,303,796,1,"YXY",04/22/2008 08:00:00,"YVR",04/22/2008 10:15:00,"4N",505,"G","G"
1190,303,796,2,"YVR",04/23/2008 10:30:00,"YXY",04/23/2008 12:53:00,"AC",8445,"G","G"
1199,307,805,1,"YXY",04/28/2008 14:55:00,"YYC",04/28/2008 18:15:00,"4N",507,"Y","Y"
1200,307,805,2,"YYC",05/02/2008 18:55:00,"YXY",05/02/2008 21:55:00,"4N",508,"Y","Y"
1201,308,807,1,"YXY",04/28/2008 08:00:00,"YVR",04/28/2008 10:15:00,"4N",505,"G","G"
1202,308,807,2,"YVR",05/03/2008 11:30:00,"YXY",05/03/2008 13:55:00,"4N",506,"G","G"
1203,309,809,1,"YCD",04/28/2008 12:15:00,"YVR",04/28/2008 12:38:00,"AC",8262,"A","A"
1204,309,809,1,"YVR",04/28/2008 15:20:00,"YXY",04/28/2008 17:47:00,"AC",8447,"Q","A"
1205,309,809,2,"YXY",06/05/2008 07:00:00,"YVR",06/05/2008 09:19:00,"AC",8442,"L","L"
1206,309,809,2,"YVR",06/05/2008 09:50:00,"YCD",06/05/2008 10:10:00,"AC",8259,"A","L"
1207,309,810,1,"YCD",04/28/2008 12:15:00,"YVR",04/28/2008 12:38:00,"AC",8262,"A","A"
1208,309,810,1,"YVR",04/28/2008 15:20:00,"YXY",04/28/2008 17:47:00,"AC",8447,"Q","A"
1209,309,810,2,"YXY",06/05/2008 07:00:00,"YVR",06/05/2008 09:19:00,"AC",8442,"L","L"
1210,309,810,2,"YVR",06/05/2008 09:50:00,"YCD",06/05/2008 10:10:00,"AC",8259,"A","L"
1211,310,811,1,"YXY",04/29/2008 13:25:00,"YVR",04/29/2008 15:49:00,"AC",8446,"A","A"
1212,310,811,1,"YVR",04/29/2008 17:30:00,"YYC",04/29/2008 19:50:00,"AC",8320,"H","A"
1213,310,811,2,"YYC",05/02/2008 18:55:00,"YXY",05/02/2008 21:55:00,"4N",508,"Y","Y"
1214,310,812,1,"YXY",04/29/2008 13:25:00,"YVR",04/29/2008 15:49:00,"AC",8446,"A","A"
1215,310,812,1,"YVR",04/29/2008 17:30:00,"YYC",04/29/2008 19:50:00,"AC",8320,"H","A"
1216,310,812,2,"YYC",05/02/2008 18:55:00,"YXY",05/02/2008 21:55:00,"4N",508,"Y","Y"
1217,311,814,1,"YXY",04/28/2008 06:45:00,"YVR",04/28/2008 09:02:00,"AC",8442,"S","S"
1218,311,814,1,"YVR",04/28/2008 11:40:00,"YOW",04/28/2008 19:12:00,"AC",188,"L","S"
1219,311,814,2,"YOW",05/01/2008 16:00:00,"DTW",05/01/2008 17:41:00,"NW",2880,"Y","Y"
1220,311,814,3,"DTW",05/03/2008 18:46:00,"ORD",05/03/2008 19:05:00,"UA",1250,"W","W"
1221,311,814,3,"ORD",05/03/2008 20:17:00,"YVR",05/03/2008 22:50:00,"UA",1141,"W","W"
1222,311,814,4,"YVR",05/11/2008 11:30:00,"YXY",05/11/2008 13:55:00,"4N",506,"Y","Y"
1223,311,815,1,"YXY",04/28/2008 06:45:00,"YVR",04/28/2008 09:02:00,"AC",8442,"S","S"
1224,311,815,1,"YVR",04/28/2008 11:40:00,"YOW",04/28/2008 19:12:00,"AC",188,"L","S"
1225,311,815,2,"YOW",05/01/2008 16:00:00,"DTW",05/01/2008 17:41:00,"NW",2880,"Y","Y"
1226,311,815,3,"DTW",05/03/2008 18:46:00,"ORD",05/03/2008 19:05:00,"UA",1250,"W","W"
1227,311,815,3,"ORD",05/03/2008 20:17:00,"YVR",05/03/2008 22:50:00,"UA",1141,"W","W"
1228,311,815,4,"YVR",05/11/2008 11:30:00,"YXY",05/11/2008 13:55:00,"4N",506,"Y","Y"
1229,311,816,1,"YXY",04/28/2008 06:45:00,"YVR",04/28/2008 09:02:00,"AC",8442,"S","S"
1230,311,816,1,"YVR",04/28/2008 11:40:00,"YOW",04/28/2008 19:12:00,"AC",188,"L","S"
1231,311,816,2,"YOW",05/01/2008 16:00:00,"DTW",05/01/2008 17:41:00,"NW",2880,"Y","Y"
1232,311,816,3,"DTW",05/03/2008 18:46:00,"ORD",05/03/2008 19:05:00,"UA",1250,"W","W"
1233,311,816,3,"ORD",05/03/2008 20:17:00,"YVR",05/03/2008 22:50:00,"UA",1141,"W","W"
1234,311,816,4,"YVR",05/11/2008 11:30:00,"YXY",05/11/2008 13:55:00,"4N",506,"Y","Y"
1235,311,817,1,"YXY",04/28/2008 06:45:00,"YVR",04/28/2008 09:02:00,"AC",8442,"S","S"
1236,311,817,1,"YVR",04/28/2008 11:40:00,"YOW",04/28/2008 19:12:00,"AC",188,"L","S"
1237,311,817,2,"YOW",05/01/2008 16:00:00,"DTW",05/01/2008 17:41:00,"NW",2880,"Y","Y"
1238,311,817,3,"DTW",05/03/2008 18:46:00,"ORD",05/03/2008 19:05:00,"UA",1250,"W","W"
1239,311,817,3,"ORD",05/03/2008 20:17:00,"YVR",05/03/2008 22:50:00,"UA",1141,"W","W"
1240,311,817,4,"YVR",05/11/2008 11:30:00,"YXY",05/11/2008 13:55:00,"4N",506,"Y","Y"
1241,312,819,1,"YXY",04/20/2008 06:45:00,"YVR",04/20/2008 09:02:00,"AC",8442,"S","S"
1242,312,819,2,"YVR",04/21/2008 21:45:00,"YXY",04/21/2008 23:59:00,"AC",8449,"V","V"
1243,314,825,1,"YXY",04/27/2008 06:45:00,"YVR",04/27/2008 09:02:00,"AC",8442,"V","V"
1244,314,825,1,"YVR",04/27/2008 09:55:00,"YEG",04/27/2008 12:25:00,"AC",8282,"V","V"
1245,314,825,2,"YEG",05/02/2008 20:20:00,"YXY",05/02/2008 21:55:00,"4N",508,"Y","Y"
1246,314,826,1,"YXY",04/27/2008 06:45:00,"YVR",04/27/2008 09:02:00,"AC",8442,"V","V"
1247,314,826,1,"YVR",04/27/2008 09:55:00,"YEG",04/27/2008 12:25:00,"AC",8282,"V","V"
1248,314,826,2,"YEG",05/02/2008 20:20:00,"YXY",05/02/2008 21:55:00,"4N",508,"Y","Y"
1249,314,827,1,"YXY",04/27/2008 06:45:00,"YVR",04/27/2008 09:02:00,"AC",8442,"V","V"
1250,314,827,1,"YVR",04/27/2008 09:55:00,"YEG",04/27/2008 12:25:00,"AC",8282,"V","V"
1251,314,827,2,"YEG",05/02/2008 20:20:00,"YXY",05/02/2008 21:55:00,"4N",508,"Y","Y"
1252,315,833,1,"YXY",04/24/2008 08:00:00,"YVR",04/24/2008 10:15:00,"4N",505,"G","G"
1253,315,833,2,"YVR",04/24/2008 12:30:00,"YYJ",04/24/2008 12:53:00,"AC",8175,"L","L"
1254,315,833,3,"YYJ",04/28/2008 08:00:00,"YVR",04/28/2008 08:25:00,"AC",8056,"Q","Q"
1255,315,833,4,"YVR",04/28/2008 11:30:00,"YXY",04/28/2008 13:55:00,"4N",506,"G","G"
1256,315,834,1,"YXY",04/24/2008 08:00:00,"YVR",04/24/2008 10:15:00,"4N",505,"G","G"
1257,315,834,2,"YVR",04/24/2008 12:30:00,"YYJ",04/24/2008 12:53:00,"AC",8175,"L","L"
1258,315,834,3,"YYJ",04/28/2008 08:00:00,"YVR",04/28/2008 08:25:00,"AC",8056,"Q","Q"
1259,315,834,4,"YVR",04/28/2008 11:30:00,"YXY",04/28/2008 13:55:00,"4N",506,"G","G"
1260,316,836,1,"YXY",04/27/2008 13:25:00,"YVR",04/27/2008 15:49:00,"AC",8446,"Q","Q"
1261,316,836,1,"YVR",04/27/2008 16:30:00,"YYJ",04/27/2008 16:52:00,"AC",8087,"Q","Q"
1262,316,836,2,"YYJ",04/30/2008 08:00:00,"YVR",04/30/2008 08:25:00,"AC",8056,"H","H"
1263,316,836,3,"YVR",04/30/2008 11:30:00,"YXY",04/30/2008 13:55:00,"4N",506,"G","G"
1264,316,837,1,"YXY",04/27/2008 13:25:00,"YVR",04/27/2008 15:49:00,"AC",8446,"Q","Q"
1265,316,837,1,"YVR",04/27/2008 16:30:00,"YYJ",04/27/2008 16:52:00,"AC",8087,"Q","Q"
1266,316,837,2,"YYJ",04/30/2008 08:00:00,"YVR",04/30/2008 08:25:00,"AC",8056,"H","H"
1267,316,837,3,"YVR",04/30/2008 11:30:00,"YXY",04/30/2008 13:55:00,"4N",506,"G","G"
1268,317,839,1,"YXY",04/26/2008 08:00:00,"YVR",04/26/2008 10:15:00,"4N",505,"G","G"
1269,317,839,2,"YVR",04/26/2008 12:30:00,"YYJ",04/26/2008 12:53:00,"AC",8175,"V","V"
1270,317,839,3,"YYJ",04/30/2008 08:00:00,"YVR",04/30/2008 08:25:00,"AC",8056,"H","H"
1271,317,839,4,"YVR",04/30/2008 11:30:00,"YXY",04/30/2008 13:55:00,"4N",506,"G","G"
1272,317,840,1,"YXY",04/26/2008 08:00:00,"YVR",04/26/2008 10:15:00,"4N",505,"G","G"
1273,317,840,2,"YVR",04/26/2008 12:30:00,"YYJ",04/26/2008 12:53:00,"AC",8175,"V","V"
1274,317,840,3,"YYJ",04/30/2008 08:00:00,"YVR",04/30/2008 08:25:00,"AC",8056,"H","H"
1275,317,840,4,"YVR",04/30/2008 11:30:00,"YXY",04/30/2008 13:55:00,"4N",506,"G","G"
1276,318,843,1,"YYZ",04/24/2008 12:00:00,"YVR",04/24/2008 13:57:00,"AC",101,"Q","Q"
1277,318,843,1,"YVR",04/24/2008 15:20:00,"YXY",04/24/2008 17:47:00,"AC",8447,"Q","Q"
1278,318,843,2,"YXY",04/26/2008 06:45:00,"YVR",04/26/2008 09:02:00,"AC",8442,"B","B"
1279,318,843,2,"YVR",04/26/2008 10:30:00,"YYZ",04/26/2008 18:02:00,"AC",116,"B","B"
1280,319,845,1,"YXY",04/22/2008 18:20:00,"YVR",04/22/2008 20:43:00,"AC",8448,"V","V"
1281,319,845,1,"YVR",04/22/2008 22:35:00,"YYZ",04/23/2008 06:05:00,"AC",156,"V","V"
1282,319,845,2,"YYZ",04/27/2008 16:00:00,"YVR",04/27/2008 17:58:00,"AC",161,"A","A"
1283,319,845,2,"YVR",04/27/2008 21:45:00,"YXY",04/27/2008 23:59:00,"AC",8449,"A","A"
1284,320,848,1,"YXY",04/20/2008 06:45:00,"YVR",04/20/2008 09:02:00,"AC",8442,"V","V"
1285,320,848,2,"YVR",04/21/2008 21:45:00,"YXY",04/21/2008 23:59:00,"AC",8449,"V","V"
1286,321,851,1,"YXY",04/19/2008 08:00:00,"YVR",04/19/2008 10:15:00,"4N",505,"G","G"
1287,321,851,2,"YVR",04/20/2008 06:00:00,"YYZ",04/20/2008 13:28:00,"AC",136,"H","H"
1288,321,851,2,"YYZ",04/20/2008 14:45:00,"YQG",04/20/2008 15:52:00,"AC",7755,"H","H"
1289,321,851,3,"YYZ",04/28/2008 12:00:00,"YVR",04/28/2008 13:57:00,"AC",101,"A","A"
1290,321,851,3,"YVR",04/28/2008 15:20:00,"YXY",04/28/2008 17:47:00,"AC",8447,"A","A"
1291,321,852,1,"YXY",04/19/2008 08:00:00,"YVR",04/19/2008 10:15:00,"4N",505,"G","G"
1292,321,852,2,"YVR",04/20/2008 06:00:00,"YYZ",04/20/2008 13:28:00,"AC",136,"H","H"
1293,321,852,2,"YYZ",04/20/2008 14:45:00,"YQG",04/20/2008 15:52:00,"AC",7755,"H","H"
1294,321,852,3,"YYZ",04/28/2008 12:00:00,"YVR",04/28/2008 13:57:00,"AC",101,"A","A"
1295,321,852,3,"YVR",04/28/2008 15:20:00,"YXY",04/28/2008 17:47:00,"AC",8447,"A","A"
1296,322,854,1,"YEG",04/29/2008 08:15:00,"YVR",04/29/2008 08:58:00,"AC",237,"Q","Q"
1297,322,854,1,"YVR",04/29/2008 10:30:00,"YXY",04/29/2008 12:53:00,"AC",8445,"Q","Q"
1298,322,854,2,"YXY",06/02/2008 16:00:00,"YEG",06/02/2008 20:45:00,"4N",507,"Y","Y"
1299,322,855,1,"YEG",04/29/2008 08:15:00,"YVR",04/29/2008 08:58:00,"AC",237,"Q","Q"
1300,322,855,1,"YVR",04/29/2008 10:30:00,"YXY",04/29/2008 12:53:00,"AC",8445,"Q","Q"
1301,322,855,2,"YXY",06/02/2008 16:00:00,"YEG",06/02/2008 20:45:00,"4N",507,"Y","Y"
1302,323,857,1,"YXY",05/09/2008 08:00:00,"YVR",NULL,"4N",505,"V","V"
1333,330,877,1,"YXY",04/21/2008 08:30:00,"YOC",04/21/2008 12:55:00,"4N",207,"Y","Y"
1334,330,877,2,"YOC",04/23/2008 12:15:00,"YDA",04/23/2008 14:55:00,"4N",208,"Y","Y"
1335,330,877,3,"YDA",04/25/2008 15:15:00,"YXY",1899-12-30 00:00:00.000,"4N",,"Y","Y"
1336,331,879,1,"YXY",04/28/2008 13:25:00,"YVR",04/28/2008 15:49:00,"AC",8446,"Q","Q"
1337,331,879,2,"YVR",05/04/2008 21:45:00,"YXY",05/04/2008 23:59:00,"AC",8449,"Q","Q"
1338,332,881,1,"YXY",04/28/2008 08:00:00,"YVR",04/28/2008 10:15:00,"4N",505,"G","G"
1339,332,881,2,"YVR",05/02/2008 11:30:00,"YXY",05/02/2008 13:55:00,"4N",506,"G","G"
1340,333,883,1,"YXY",04/28/2008 13:25:00,"YVR",04/28/2008 15:49:00,"AC",8446,"Q","Q"
1341,333,883,2,"YVR",05/04/2008 21:45:00,"YXY",05/04/2008 23:59:00,"AC",8449,"Q","Q"
1342,334,885,1,"YXY",04/28/2008 08:30:00,"YEV",04/28/2008 12:40:00,"4N",207,"Y","Y"
1343,334,885,2,"YEV",04/30/2008 14:30:00,"YXY",04/30/2008 16:25:00,"4N",308,"Y","Y"
1344,334,886,1,"YXY",04/28/2008 08:30:00,"YEV",04/28/2008 12:40:00,"4N",207,"Y","Y"
1345,334,886,2,"YEV",04/30/2008 14:30:00,"YXY",04/30/2008 16:25:00,"4N",308,"Y","Y"
1346,335,891,1,"YXY",04/30/2008 13:25:00,"YVR",04/30/2008 15:49:00,"AC",8446,"V","V"
1347,335,891,1,"YVR",04/30/2008 16:50:00,"YEG",04/30/2008 19:15:00,"AC",242,"V","V"
1348,335,891,2,"YEG",05/02/2008 20:20:00,"YXY",05/02/2008 21:55:00,"4N",508,"G","G"
1349,335,892,1,"YXY",04/30/2008 13:25:00,"YVR",04/30/2008 15:49:00,"AC",8446,"V","V"
1350,335,892,1,"YVR",04/30/2008 16:50:00,"YEG",04/30/2008 19:15:00,"AC",242,"V","V"
1351,335,892,2,"YEG",05/02/2008 20:20:00,"YXY",05/02/2008 21:55:00,"4N",508,"G","G"
1352,336,894,1,"YXY",04/30/2008 13:25:00,"YVR",04/30/2008 15:49:00,"AC",8446,"Q","Q"
1353,336,894,2,"YVR",05/04/2008 11:30:00,"YXY",05/04/2008 13:55:00,"4N",506,"G","G"
1354,336,895,1,"YXY",04/30/2008 13:25:00,"YVR",04/30/2008 15:49:00,"AC",8446,"Q","Q"
1355,336,895,2,"YVR",05/04/2008 11:30:00,"YXY",05/04/2008 13:55:00,"4N",506,"G","G"
1356,337,897,1,"YXY",04/29/2008 08:00:00,"YVR",04/29/2008 10:15:00,"4N",505,"G","G"
1357,337,897,2,"YVR",05/01/2008 16:40:00,"YXY",05/01/2008 18:55:00,"AC",8447,"V","V"
1358,337,898,1,"YXY",04/29/2008 08:00:00,"YVR",04/29/2008 10:15:00,"4N",505,"G","G"
1359,337,898,2,"YVR",05/01/2008 16:40:00,"YXY",05/01/2008 18:55:00,"AC",8447,"V","V"
1360,338,901,1,"YEG",04/25/2008 07:40:00,"YEV",04/25/2008 11:35:00,"5T",466,"T","T"
1361,338,901,2,"YEV",04/28/2008 12:05:00,"YEG",04/28/2008 14:55:00,"5T",467,"T","T"
1362,339,903,1,"YXY",04/29/2008 08:00:00,"YVR",04/29/2008 10:15:00,"4N",505,"G","G"
1363,339,903,2,"YVR",05/01/2008 16:40:00,"YXY",05/01/2008 18:55:00,"AC",8447,"V","V"
1364,339,904,1,"YXY",04/29/2008 08:00:00,"YVR",04/29/2008 10:15:00,"4N",505,"G","G"
1365,339,904,2,"YVR",05/01/2008 16:40:00,"YXY",05/01/2008 18:55:00,"AC",8447,"V","V"
1392,350,929,1,"YFC",04/30/2008 06:25:00,"YUL",04/30/2008 07:05:00,"AC",7663,"A","A"
1393,350,929,1,"YUL",04/30/2008 08:10:00,"YVR",04/30/2008 10:37:00,"AC",111,"A","A"
1394,350,929,2,"YVR",04/30/2008 15:20:00,"YXY",04/30/2008 17:47:00,"AC",8447,"Q","A"
1395,350,929,3,"YXY",08/30/2008 07:00:00,"YVR",08/30/2008 09:19:00,"AC",8442,"L","L"
1396,350,929,3,"YVR",08/30/2008 10:40:00,"YUL",08/30/2008 18:30:00,"AC",194,"A","L"
1397,350,929,3,"YUL",08/30/2008 21:05:00,"YFC",08/30/2008 23:35:00,"AC",7670,"A","L"
1398,351,931,1,"YEG",04/30/2008 08:15:00,"YVR",04/30/2008 08:58:00,"AC",237,"V","V"
1399,351,931,1,"YVR",04/30/2008 10:30:00,"YXY",04/30/2008 12:53:00,"AC",8445,"V","V"
1400,351,931,2,"YXY",08/24/2008 07:00:00,"YVR",08/24/2008 09:19:00,"AC",8442,"Q","Q"
1401,351,931,2,"YVR",08/24/2008 11:30:00,"YEG",08/24/2008 13:59:00,"AC",238,"Q","Q"
1402,352,933,1,"YEG",05/05/2008 20:20:00,"YXY",05/05/2008 21:55:00,"4N",508,"Y","Y"
1403,352,933,2,"YXY",12/19/2008 14:55:00,"YEG",12/19/2008 19:40:00,"4N",507,"Y","Y"
1406,354,937,1,"YOW",05/01/2008 07:00:00,"YVR",05/01/2008 09:20:00,"AC",1185,"L","L"
1407,354,937,1,"YVR",05/01/2008 10:50:00,"YXY",05/01/2008 13:04:00,"AC",8441,"A","L"
1408,355,939,1,"YXY",05/02/2008 07:00:00,"YVR",05/02/2008 09:19:00,"AC",8442,"Q","Q"
1409,355,939,1,"YVR",05/02/2008 10:10:00,"YYC",05/02/2008 12:34:00,"AC",208,"Q","Q"
1410,355,939,1,"YYC",05/02/2008 14:50:00,"YQR",05/02/2008 16:05:00,"AC",8432,"V","Q"
1411,355,939,2,"YQR",05/08/2008 16:35:00,"YYC",05/08/2008 17:59:00,"AC",8437,"Q","Q"
1412,355,939,2,"YYC",05/08/2008 20:30:00,"YVR",05/08/2008 20:55:00,"AC",8327,"Q","Q"
1413,355,939,3,"YVR",05/19/2008 11:30:00,"YXY",05/19/2008 13:55:00,"4N",506,"G","G"
1414,355,940,1,"YXY",05/02/2008 07:00:00,"YVR",05/02/2008 09:19:00,"AC",8442,"Q","Q"
1415,355,940,1,"YVR",05/02/2008 10:10:00,"YYC",05/02/2008 12:34:00,"AC",208,"Q","Q"
1416,355,940,1,"YYC",05/02/2008 14:50:00,"YQR",05/02/2008 16:05:00,"AC",8432,"V","Q"
1417,355,940,2,"YQR",05/08/2008 16:35:00,"YYC",05/08/2008 17:59:00,"AC",8437,"Q","Q"
1418,355,940,2,"YYC",05/08/2008 20:30:00,"YVR",05/08/2008 20:55:00,"AC",8327,"Q","Q"
1419,355,940,3,"YVR",05/19/2008 11:30:00,"YXY",05/19/2008 13:55:00,"4N",506,"G","G"
1420,356,942,1,"YDQ",04/23/2008 11:10:00,"YVR",04/23/2008 12:50:00,"9M",802,"Y","Y"
1421,356,942,2,"YVR",04/25/2008 13:30:00,"YDQ",04/25/2008 15:15:00,"9M",805,"Y","Y"
1428,359,948,1,"YXY",05/01/2008 07:00:00,"YVR",05/01/2008 09:19:00,"AC",8442,"Q","Q"
1429,359,948,1,"YVR",05/01/2008 10:00:00,"YYJ",05/01/2008 10:23:00,"AC",8061,"Q","Q"
1430,359,948,2,"YYJ",05/05/2008 15:30:00,"YVR",05/05/2008 15:55:00,"AC",8084,"L","L"
1431,359,948,2,"YVR",05/05/2008 16:40:00,"YXY",05/05/2008 18:55:00,"AC",8447,"B","L"
1440,361,955,1,"YXY",04/30/2008 06:45:00,"YVR",04/30/2008 09:02:00,"AC",8442,"Q","Q"
1441,361,955,1,"YVR",04/30/2008 10:30:00,"YYZ",04/30/2008 18:02:00,"AC",116,"Q","Q"
1442,361,955,2,"YYZ",05/04/2008 07:30:00,"YVR",05/04/2008 09:28:00,"AC",1171,"A","A"
1443,361,955,3,"YVR",05/04/2008 11:30:00,"YXY",05/04/2008 13:55:00,"4N",506,"G","G"
1444,361,956,1,"YXY",04/30/2008 06:45:00,"YVR",04/30/2008 09:02:00,"AC",8442,"Q","Q"
1445,361,956,1,"YVR",04/30/2008 10:30:00,"YYZ",04/30/2008 18:02:00,"AC",116,"Q","Q"
1446,361,956,2,"YYZ",05/04/2008 07:30:00,"YVR",05/04/2008 09:28:00,"AC",1171,"A","A"
1447,361,956,3,"YVR",05/04/2008 11:30:00,"YXY",05/04/2008 13:55:00,"4N",506,"G","G"
1448,362,959,1,"YXY",04/29/2008 06:45:00,"YVR",04/29/2008 09:02:00,"AC",8442,"Q","Q"
1449,362,959,1,"YVR",04/29/2008 10:30:00,"YYZ",04/29/2008 18:02:00,"AC",116,"Q","Q"
1450,362,959,2,"YYZ",04/29/2008 19:10:00,"YOW",04/29/2008 20:10:00,"AC",464,"Q","Q"
1451,362,959,3,"YOW",05/05/2008 07:00:00,"YVR",05/05/2008 09:20:00,"AC",1185,"Y","Q"
1452,362,959,4,"YVR",05/05/2008 11:30:00,"YXY",05/05/2008 13:55:00,"4N",506,"G","G"
1453,362,960,1,"YXY",04/29/2008 06:45:00,"YVR",04/29/2008 09:02:00,"AC",8442,"Q","Q"
1454,362,960,1,"YVR",04/29/2008 10:30:00,"YYZ",04/29/2008 18:02:00,"AC",116,"Q","Q"
1455,362,960,2,"YYZ",04/29/2008 19:10:00,"YOW",04/29/2008 20:10:00,"AC",464,"Q","Q"
1456,362,960,3,"YOW",05/05/2008 07:00:00,"YVR",05/05/2008 09:20:00,"AC",1185,"Y","Q"
1457,362,960,4,"YVR",05/05/2008 11:30:00,"YXY",05/05/2008 13:55:00,"4N",506,"G","G"
1466,366,970,1,"YXY",05/04/2008 07:00:00,"YVR",05/04/2008 09:19:00,"AC",8442,"V","V"
1467,366,970,1,"YVR",05/04/2008 11:25:00,"YOW",05/04/2008 18:57:00,"AC",188,"V","V"
1468,366,970,2,"YOW",05/07/2008 07:00:00,"YVR",05/07/2008 09:20:00,"AC",1185,"A","A"
1469,366,970,2,"YVR",05/07/2008 10:50:00,"YXY",05/07/2008 13:04:00,"AC",8441,"A","A"
1470,367,973,1,"YXY",05/04/2008 07:00:00,"YVR",05/04/2008 09:19:00,"AC",8442,"V","V"
1471,367,973,1,"YVR",05/04/2008 11:30:00,"YEG",05/04/2008 13:59:00,"AC",238,"V","V"
1472,367,973,2,"YEG",05/04/2008 15:35:00,"YWG",05/04/2008 18:23:00,"AC",8514,"V","V"
1473,367,973,3,"YWG",05/07/2008 08:50:00,"YVR",05/07/2008 09:57:00,"AC",295,"A","V"
1474,367,973,3,"YVR",05/07/2008 10:50:00,"YXY",05/07/2008 13:04:00,"AC",8441,"A","V"
1491,374,990,1,"YXY",05/04/2008 19:30:00,"YVR",05/04/2008 21:47:00,"AC",8448,"A","A"
1492,374,990,2,"YVR",05/07/2008 10:50:00,"YXY",05/07/2008 13:04:00,"AC",8441,"A","A"
1493,375,992,1,"YXY",05/01/2008 08:00:00,"YVR",05/01/2008 10:15:00,"4N",505,"G","G"
1494,375,992,2,"YVR",05/03/2008 11:30:00,"YXY",05/03/2008 13:55:00,"4N",506,"G","G"
1495,376,995,1,"YXY",05/05/2008 07:00:00,"YVR",05/05/2008 09:19:00,"AC",8442,"A","A"
1496,376,995,1,"YVR",05/05/2008 11:25:00,"YOW",05/05/2008 18:57:00,"AC",188,"A","A"
1497,376,995,2,"YOW",05/10/2008 07:00:00,"YVR",05/10/2008 09:20:00,"AC",1185,"A","A"
1498,376,995,2,"YVR",05/10/2008 10:50:00,"YXY",05/10/2008 13:04:00,"AC",8441,"A","A"
1499,377,998,1,"YXY",05/04/2008 19:30:00,"YVR",05/04/2008 21:47:00,"AC",8448,"A","A"
1500,377,998,2,"YVR",05/11/2008 16:40:00,"YXY",05/11/2008 18:55:00,"AC",8447,"V","V"
1501,378,1000,1,"YXY",04/20/2008 08:00:00,"YVR",04/20/2008 10:15:00,"4N",505,"G","G"
1502,378,1000,2,"YVR",04/24/2008 11:30:00,"YXY",04/24/2008 13:55:00,"4N",506,"G","G"
1503,380,1005,1,"YXY",05/04/2008 08:00:00,"YVR",05/04/2008 10:15:00,"4N",505,"G","G"
1504,380,1005,2,"YVR",05/11/2008 11:30:00,"YXY",05/11/2008 13:55:00,"4N",506,"G","G"
1505,381,1007,1,"YXY",05/03/2008 13:40:00,"YVR",05/03/2008 15:57:00,"AC",8446,"A","A"
1506,381,1007,2,"YVR",05/10/2008 10:50:00,"YXY",05/10/2008 13:04:00,"AC",8441,"Q","Q"
1507,382,1011,1,"YXY",05/04/2008 19:30:00,"YVR",05/04/2008 21:47:00,"AC",8448,"A","A"
1508,382,1011,2,"YVR",05/07/2008 16:40:00,"YXY",05/07/2008 18:55:00,"AC",8447,"A","A"
1509,383,1013,1,"YXY",05/04/2008 19:30:00,"YVR",05/04/2008 21:47:00,"AC",8448,"A","A"
1510,383,1013,2,"YVR",05/07/2008 14:15:00,"YYZ",05/07/2008 21:45:00,"AC",192,"H","A"
1511,383,1013,3,"YYZ",05/09/2008 10:00:00,"YVR",05/09/2008 12:00:00,"AC",105,"L","L"
1512,383,1013,4,"YVR",05/09/2008 16:40:00,"YXY",05/09/2008 18:55:00,"AC",8447,"L","L"
1527,387,1024,1,"YXY",04/23/2008 08:30:00,"YOC",04/23/2008 11:30:00,"4N",307,"Y","Y"
1528,387,1024,2,"YOC",04/25/2008 12:15:00,"YXY",04/25/2008 16:25:00,"4N",308,"Y","Y"
1529,387,1025,1,"YXY",04/23/2008 08:30:00,"YOC",04/23/2008 11:30:00,"4N",307,"Y","Y"
1530,387,1025,2,"YOC",04/25/2008 12:15:00,"YXY",04/25/2008 16:25:00,"4N",308,"Y","Y"
1531,388,1027,1,"YXY",04/24/2008 08:30:00,"YDA",04/24/2008 09:45:00,"4N",207,"Y","Y"
1532,388,1027,2,"YDA",04/25/2008 15:15:00,"YXY",04/25/2008 16:25:00,"4N",308,"Y","Y"
1533,389,1029,1,"YXY",04/24/2008 08:30:00,"YOC",04/24/2008 12:55:00,"4N",207,"Y","Y"
1534,389,1029,2,"YOC",04/28/2008 13:40:00,"YXY",04/28/2008 16:25:00,"4N",208,"Y","Y"
1537,392,1035,1,"YXY",04/20/2008 18:20:00,"YVR",04/20/2008 20:43:00,"AC",8448,"V","V"
1538,392,1035,2,"YVR",04/21/2008 15:20:00,"YXY",04/21/2008 17:47:00,"AC",8447,"V","V"
1539,393,1037,1,"YXY",05/02/2008 07:00:00,"YVR",05/02/2008 09:19:00,"AC",8442,"U","U"
1540,393,1037,2,"YVR",05/02/2008 15:00:00,"SFO",05/02/2008 17:15:00,"AC",562,"U","U"
1541,393,1037,3,"SFO",05/09/2008 07:25:00,"YVR",05/09/2008 09:38:00,"AC",561,"U","U"
1542,393,1037,3,"YVR",05/09/2008 10:50:00,"YXY",05/09/2008 13:04:00,"AC",8441,"U","U"
1543,394,1038,1,"YXY",04/28/2008 13:25:00,"YVR",04/28/2008 15:49:00,"AC",8446,"V","V"
1544,394,1038,1,"YVR",04/28/2008 16:30:00,"YYJ",04/28/2008 16:52:00,"AC",8087,"V","V"
1545,394,1038,2,"YYJ",05/01/2008 08:00:00,"YVR",05/01/2008 08:25:00,"AC",8056,"H","H"
1546,394,1038,2,"YVR",05/01/2008 10:50:00,"YXY",05/01/2008 13:04:00,"AC",8441,"A","H"
1547,395,1041,1,"YXY",04/30/2008 08:00:00,"YVR",04/30/2008 10:15:00,"4N",505,"G","G"
1548,395,1041,2,"YVR",04/30/2008 12:50:00,"YQR",04/30/2008 15:53:00,"AC",8572,"V","V"
1549,395,1041,3,"YQR",05/04/2008 08:10:00,"YVR",05/04/2008 09:29:00,"AC",8571,"L","L"
1550,395,1041,4,"YVR",05/04/2008 11:30:00,"YXY",05/04/2008 13:55:00,"4N",506,"G","G"
1551,395,1042,1,"YXY",04/30/2008 08:00:00,"YVR",04/30/2008 10:15:00,"4N",505,"G","G"
1552,395,1042,2,"YVR",04/30/2008 12:50:00,"YQR",04/30/2008 15:53:00,"AC",8572,"V","V"
1553,395,1042,3,"YQR",05/04/2008 08:10:00,"YVR",05/04/2008 09:29:00,"AC",8571,"L","L"
1554,395,1042,4,"YVR",05/04/2008 11:30:00,"YXY",05/04/2008 13:55:00,"4N",506,"G","G"
1555,396,1044,1,"YXY",04/18/2008 00:00:00,"YYC",NULL,"",,"",""
1556,396,1044,2,"YYC",04/23/2008 00:00:00,"YXY",NULL,"",,"",""
1558,398,1048,1,"YXY",04/20/2008 00:00:00,"YVR",NULL,"AC",,"",""
1559,398,1048,2,"YVR",04/20/2008 00:00:00,"YYC",NULL,"AC",,"",""
1560,398,1048,3,"YYC",04/23/2008 00:00:00,"YVR",NULL,"AC",,"",""
1561,398,1048,4,"YVR",04/23/2008 00:00:00,"YXY",NULL,"AC",,"",""
1562,106,1066,1,"YOC",05/02/2008 12:15:00,"YXY",05/02/2008 16:25:00,"4N",308,"Y","Y"
1563,106,1066,2,"YXY",05/09/2008 08:30:00,"YOC",05/09/2008 11:30:00,"4N",307,"Y","Y"
1564,106,1068,1,"YOC",05/02/2008 12:15:00,"YXY",05/02/2008 16:25:00,"4N",308,"Y","Y"
1565,106,1068,2,"YXY",05/09/2008 08:30:00,"YOC",05/09/2008 11:30:00,"4N",307,"Y","Y"
1566,196,1073,1,"YXY",04/20/2008 06:45:00,"YVR",04/20/2008 09:02:00,"AC",8442,"Q","Q"
1567,196,1073,1,"YVR",04/20/2008 10:10:00,"YYC",04/20/2008 12:34:00,"AC",206,"Q","Q"
1568,196,1073,2,"YYC",04/23/2008 20:30:00,"YVR",04/23/2008 20:55:00,"AC",8329,"A","A"
1569,196,1073,2,"YVR",04/23/2008 21:45:00,"YXY",04/23/2008 23:59:00,"AC",8449,"A","A"
1570,196,1074,1,"YXY",04/20/2008 06:45:00,"YVR",04/20/2008 09:02:00,"AC",8442,"Q","Q"
1571,196,1074,1,"YVR",04/20/2008 10:10:00,"YYC",04/20/2008 12:34:00,"AC",206,"Q","Q"
1572,196,1074,2,"YYC",04/23/2008 20:30:00,"YVR",04/23/2008 20:55:00,"AC",8329,"A","A"
1573,196,1074,2,"YVR",04/23/2008 21:45:00,"YXY",04/23/2008 23:59:00,"AC",8449,"A","A"
1582,400,1088,1,"YXY",04/27/2008 06:45:00,"YVR",04/27/2008 09:02:00,"AC",8442,"B","B"
1583,400,1088,1,"YVR",04/27/2008 10:10:00,"YYC",04/27/2008 12:34:00,"AC",206,"B","B"
1584,400,1088,2,"YYC",04/27/2008 13:15:00,"YOW",04/27/2008 19:05:00,"AC",118,"B","B"
1585,400,1088,3,"YOW",04/29/2008 17:55:00,"YVR",04/29/2008 20:15:00,"AC",189,"V","B"
1586,400,1088,3,"YVR",04/29/2008 21:45:00,"YXY",04/29/2008 23:59:00,"AC",8449,"V","B"
1587,401,1090,1,"YXY",05/05/2008 08:00:00,"YVR",05/05/2008 10:15:00,"4N",505,"G","G"
1588,401,1090,2,"YVR",05/08/2008 11:30:00,"YXY",05/08/2008 13:55:00,"4N",506,"G","G"
1592,106,1126,1,"YOC",05/02/2008 12:15:00,"YXY",05/02/2008 16:25:00,"4N",308,"Y","Y"
1593,106,1126,2,"YXY",05/09/2008 08:30:00,"YOC",05/09/2008 11:30:00,"4N",307,"Y","Y"
1594,106,1128,1,"YOC",05/02/2008 12:15:00,"YXY",05/02/2008 16:25:00,"4N",308,"Y","Y"
1595,106,1128,2,"YXY",05/09/2008 08:30:00,"YOC",05/09/2008 11:30:00,"4N",307,"Y","Y"
1596,106,1130,1,"YOC",05/02/2008 12:15:00,"YXY",05/02/2008 16:25:00,"4N",308,"Y","Y"
1597,106,1130,2,"YXY",05/09/2008 08:30:00,"YOC",05/09/2008 11:30:00,"4N",307,"Y","Y"
1598,106,1131,1,"YOC",05/02/2008 12:15:00,"YXY",05/02/2008 16:25:00,"4N",308,"Y","Y"
1599,106,1131,2,"YXY",05/09/2008 08:30:00,"YOC",05/09/2008 11:30:00,"4N",307,"Y","Y"
1600,425,1132,1,"YXY",05/06/2008 08:30:00,"YOC",05/06/2008 11:30:00,"4N",307,"Y","Y"
1601,425,1132,2,"YOC",06/13/2008 10:50:00,"YXY",06/13/2008 15:05:00,"4N",308,"Y","Y"
1602,426,1134,1,"YXY",05/08/2008 08:00:00,"YVR",05/08/2008 10:15:00,"4N",505,"Y","Y"
1603,426,1134,2,"YVR",05/11/2008 11:30:00,"YXY",05/11/2008 13:55:00,"4N",506,"Y","Y"
1604,427,1136,1,"YXY",05/05/2008 13:40:00,"YZF",05/05/2008 18:02:00,"7F",151,"H","H"
1605,427,1136,2,"YZF",05/09/2008 10:30:00,"YXY",05/09/2008 13:07:00,"7F",150,"H","H"
1606,428,1139,1,"YXY",05/08/2008 13:40:00,"YVR",05/08/2008 15:57:00,"AC",8446,"A","A"
1607,428,1139,2,"YVR",05/09/2008 08:35:00,"YUL",05/09/2008 16:20:00,"AC",150,"A","A"
1608,428,1139,2,"YUL",05/09/2008 17:00:00,"YQB",05/09/2008 17:49:00,"AC",8722,"A","A"
1609,428,1139,3,"YQB",05/13/2008 17:05:00,"YOW",05/13/2008 18:19:00,"AC",8749,"V","A"
1610,428,1139,4,"YOW",05/14/2008 17:00:00,"YVR",05/14/2008 19:15:00,"AC",189,"A","A"
1611,428,1139,5,"YVR",05/15/2008 10:50:00,"YXY",05/15/2008 13:04:00,"AC",8441,"V","A"
1612,429,1141,1,"YXY",05/05/2008 07:00:00,"YVR",05/05/2008 09:19:00,"AC",8442,"A","A"
1613,429,1141,1,"YVR",05/05/2008 11:25:00,"YOW",05/05/2008 18:57:00,"AC",188,"A","A"
1614,429,1141,2,"YOW",05/10/2008 14:50:00,"YUL",05/10/2008 15:33:00,"AC",8720,"A","A"
1615,429,1141,3,"YUL",05/10/2008 17:50:00,"YVR",05/10/2008 20:20:00,"AC",195,"A","A"
1616,429,1141,4,"YVR",05/17/2008 21:45:00,"YXY",05/17/2008 23:59:00,"AC",8449,"A","A"
1617,430,1143,1,"YOC",04/28/2008 13:40:00,"YXY",04/28/2008 16:25:00,"4N",208,"Y","Y"
1618,430,1143,2,"YXY",05/05/2008 08:30:00,"YOC",05/05/2008 12:55:00,"4N",207,"Y","Y"
1620,432,1146,1,"YXY",04/21/2008 13:25:00,"YVR",04/21/2008 15:49:00,"AC",8446,"B","B"
1621,432,1146,1,"YVR",04/21/2008 16:50:00,"YEG",04/21/2008 19:15:00,"AC",242,"B","B"
1622,433,1148,1,"YYU",04/28/2008 11:25:00,"YSB",04/28/2008 12:50:00,"JV",387,"H","H"
1623,433,1148,1,"YSB",04/28/2008 13:35:00,"YOW",04/28/2008 14:40:00,"JV",374,"H","H"
1624,433,1148,2,"YOW",05/23/2008 11:50:00,"YSB",05/23/2008 13:00:00,"JV",377,"Q","Q"
1625,433,1148,2,"YSB",05/23/2008 13:30:00,"YYU",05/23/2008 15:25:00,"JV",386,"Q","Q"
1626,434,1150,1,"YYC",05/07/2008 18:55:00,"YXY",05/07/2008 21:55:00,"4N",508,"G","G"
1627,434,1150,2,"YXY",06/04/2008 14:55:00,"YYC",06/04/2008 18:15:00,"4N",507,"G","G"